--
-- PostgreSQL database dump
--

-- Dumped from database version 13.3 (Debian 13.3-1.pgdg100+1)
-- Dumped by pg_dump version 13.3 (Debian 13.3-1.pgdg100+1)

SET statement_timeout = 0;
SET lock_timeout = 0;
SET idle_in_transaction_session_timeout = 0;
SET client_encoding = 'UTF8';
SET standard_conforming_strings = on;
SELECT pg_catalog.set_config('search_path', '', false);
SET check_function_bodies = false;
SET xmloption = content;
SET client_min_messages = warning;
SET row_security = off;

SET default_tablespace = '';

SET default_table_access_method = heap;

DROP SCHEMA public CASCADE;
CREATE SCHEMA public;

--
-- Name: ISS_accesscontrolgroup; Type: TABLE; Schema: public; Owner: iss_user
--

CREATE TABLE public."ISS_accesscontrolgroup" (
    id integer NOT NULL,
    name text NOT NULL
);


ALTER TABLE public."ISS_accesscontrolgroup" OWNER TO iss_user;

--
-- Name: ISS_accesscontrolgroup_id_seq; Type: SEQUENCE; Schema: public; Owner: iss_user
--

ALTER TABLE public."ISS_accesscontrolgroup" ALTER COLUMN id ADD GENERATED BY DEFAULT AS IDENTITY (
    SEQUENCE NAME public."ISS_accesscontrolgroup_id_seq"
    START WITH 1
    INCREMENT BY 1
    NO MINVALUE
    NO MAXVALUE
    CACHE 1
);


--
-- Name: ISS_accesscontrolgroup_members; Type: TABLE; Schema: public; Owner: iss_user
--

CREATE TABLE public."ISS_accesscontrolgroup_members" (
    id integer NOT NULL,
    accesscontrolgroup_id integer NOT NULL,
    poster_id integer NOT NULL
);


ALTER TABLE public."ISS_accesscontrolgroup_members" OWNER TO iss_user;

--
-- Name: ISS_accesscontrolgroup_members_id_seq; Type: SEQUENCE; Schema: public; Owner: iss_user
--

ALTER TABLE public."ISS_accesscontrolgroup_members" ALTER COLUMN id ADD GENERATED BY DEFAULT AS IDENTITY (
    SEQUENCE NAME public."ISS_accesscontrolgroup_members_id_seq"
    START WITH 1
    INCREMENT BY 1
    NO MINVALUE
    NO MAXVALUE
    CACHE 1
);


--
-- Name: ISS_accesscontrollist; Type: TABLE; Schema: public; Owner: iss_user
--

CREATE TABLE public."ISS_accesscontrollist" (
    id integer NOT NULL,
    name text NOT NULL,
    allow_by_default boolean NOT NULL
);


ALTER TABLE public."ISS_accesscontrollist" OWNER TO iss_user;

--
-- Name: ISS_accesscontrollist_black_groups; Type: TABLE; Schema: public; Owner: iss_user
--

CREATE TABLE public."ISS_accesscontrollist_black_groups" (
    id integer NOT NULL,
    accesscontrollist_id integer NOT NULL,
    accesscontrolgroup_id integer NOT NULL
);


ALTER TABLE public."ISS_accesscontrollist_black_groups" OWNER TO iss_user;

--
-- Name: ISS_accesscontrollist_black_groups_id_seq; Type: SEQUENCE; Schema: public; Owner: iss_user
--

ALTER TABLE public."ISS_accesscontrollist_black_groups" ALTER COLUMN id ADD GENERATED BY DEFAULT AS IDENTITY (
    SEQUENCE NAME public."ISS_accesscontrollist_black_groups_id_seq"
    START WITH 1
    INCREMENT BY 1
    NO MINVALUE
    NO MAXVALUE
    CACHE 1
);


--
-- Name: ISS_accesscontrollist_black_posters; Type: TABLE; Schema: public; Owner: iss_user
--

CREATE TABLE public."ISS_accesscontrollist_black_posters" (
    id integer NOT NULL,
    accesscontrollist_id integer NOT NULL,
    poster_id integer NOT NULL
);


ALTER TABLE public."ISS_accesscontrollist_black_posters" OWNER TO iss_user;

--
-- Name: ISS_accesscontrollist_black_posters_id_seq; Type: SEQUENCE; Schema: public; Owner: iss_user
--

ALTER TABLE public."ISS_accesscontrollist_black_posters" ALTER COLUMN id ADD GENERATED BY DEFAULT AS IDENTITY (
    SEQUENCE NAME public."ISS_accesscontrollist_black_posters_id_seq"
    START WITH 1
    INCREMENT BY 1
    NO MINVALUE
    NO MAXVALUE
    CACHE 1
);


--
-- Name: ISS_accesscontrollist_id_seq; Type: SEQUENCE; Schema: public; Owner: iss_user
--

ALTER TABLE public."ISS_accesscontrollist" ALTER COLUMN id ADD GENERATED BY DEFAULT AS IDENTITY (
    SEQUENCE NAME public."ISS_accesscontrollist_id_seq"
    START WITH 1
    INCREMENT BY 1
    NO MINVALUE
    NO MAXVALUE
    CACHE 1
);


--
-- Name: ISS_accesscontrollist_white_groups; Type: TABLE; Schema: public; Owner: iss_user
--

CREATE TABLE public."ISS_accesscontrollist_white_groups" (
    id integer NOT NULL,
    accesscontrollist_id integer NOT NULL,
    accesscontrolgroup_id integer NOT NULL
);


ALTER TABLE public."ISS_accesscontrollist_white_groups" OWNER TO iss_user;

--
-- Name: ISS_accesscontrollist_white_groups_id_seq; Type: SEQUENCE; Schema: public; Owner: iss_user
--

ALTER TABLE public."ISS_accesscontrollist_white_groups" ALTER COLUMN id ADD GENERATED BY DEFAULT AS IDENTITY (
    SEQUENCE NAME public."ISS_accesscontrollist_white_groups_id_seq"
    START WITH 1
    INCREMENT BY 1
    NO MINVALUE
    NO MAXVALUE
    CACHE 1
);


--
-- Name: ISS_accesscontrollist_white_posters; Type: TABLE; Schema: public; Owner: iss_user
--

CREATE TABLE public."ISS_accesscontrollist_white_posters" (
    id integer NOT NULL,
    accesscontrollist_id integer NOT NULL,
    poster_id integer NOT NULL
);


ALTER TABLE public."ISS_accesscontrollist_white_posters" OWNER TO iss_user;

--
-- Name: ISS_accesscontrollist_white_posters_id_seq; Type: SEQUENCE; Schema: public; Owner: iss_user
--

ALTER TABLE public."ISS_accesscontrollist_white_posters" ALTER COLUMN id ADD GENERATED BY DEFAULT AS IDENTITY (
    SEQUENCE NAME public."ISS_accesscontrollist_white_posters_id_seq"
    START WITH 1
    INCREMENT BY 1
    NO MINVALUE
    NO MAXVALUE
    CACHE 1
);


--
-- Name: ISS_authpackage; Type: TABLE; Schema: public; Owner: iss_user
--

CREATE TABLE public."ISS_authpackage" (
    id integer NOT NULL,
    logic_package character varying(256) NOT NULL,
    logic_config text NOT NULL
);


ALTER TABLE public."ISS_authpackage" OWNER TO iss_user;

--
-- Name: ISS_authpackage_id_seq; Type: SEQUENCE; Schema: public; Owner: iss_user
--

ALTER TABLE public."ISS_authpackage" ALTER COLUMN id ADD GENERATED BY DEFAULT AS IDENTITY (
    SEQUENCE NAME public."ISS_authpackage_id_seq"
    START WITH 1
    INCREMENT BY 1
    NO MINVALUE
    NO MAXVALUE
    CACHE 1
);


--
-- Name: ISS_ban; Type: TABLE; Schema: public; Owner: iss_user
--

CREATE TABLE public."ISS_ban" (
    id integer NOT NULL,
    end_date timestamp with time zone,
    reason character varying(1024) NOT NULL,
    subject_id integer NOT NULL,
    start_date timestamp with time zone NOT NULL,
    given_by_id integer
);


ALTER TABLE public."ISS_ban" OWNER TO iss_user;

--
-- Name: ISS_ban_id_seq; Type: SEQUENCE; Schema: public; Owner: iss_user
--

ALTER TABLE public."ISS_ban" ALTER COLUMN id ADD GENERATED BY DEFAULT AS IDENTITY (
    SEQUENCE NAME public."ISS_ban_id_seq"
    START WITH 1
    INCREMENT BY 1
    NO MINVALUE
    NO MAXVALUE
    CACHE 1
);


--
-- Name: ISS_banner; Type: TABLE; Schema: public; Owner: iss_user
--

CREATE TABLE public."ISS_banner" (
    id integer NOT NULL,
    is_enabled boolean NOT NULL,
    image character varying(100) NOT NULL
);


ALTER TABLE public."ISS_banner" OWNER TO iss_user;

--
-- Name: ISS_banner_id_seq; Type: SEQUENCE; Schema: public; Owner: iss_user
--

ALTER TABLE public."ISS_banner" ALTER COLUMN id ADD GENERATED BY DEFAULT AS IDENTITY (
    SEQUENCE NAME public."ISS_banner_id_seq"
    START WITH 1
    INCREMENT BY 1
    NO MINVALUE
    NO MAXVALUE
    CACHE 1
);


--
-- Name: ISS_category; Type: TABLE; Schema: public; Owner: iss_user
--

CREATE TABLE public."ISS_category" (
    id integer NOT NULL,
    name character varying(256) NOT NULL,
    priority integer NOT NULL
);


ALTER TABLE public."ISS_category" OWNER TO iss_user;

--
-- Name: ISS_category_id_seq; Type: SEQUENCE; Schema: public; Owner: iss_user
--

ALTER TABLE public."ISS_category" ALTER COLUMN id ADD GENERATED BY DEFAULT AS IDENTITY (
    SEQUENCE NAME public."ISS_category_id_seq"
    START WITH 1
    INCREMENT BY 1
    NO MINVALUE
    NO MAXVALUE
    CACHE 1
);


--
-- Name: ISS_filterword; Type: TABLE; Schema: public; Owner: iss_user
--

CREATE TABLE public."ISS_filterword" (
    id integer NOT NULL,
    pattern character varying(1024) NOT NULL,
    replacement character varying(1024) NOT NULL,
    active boolean NOT NULL,
    case_sensitive boolean NOT NULL
);


ALTER TABLE public."ISS_filterword" OWNER TO iss_user;

--
-- Name: ISS_filterword_id_seq; Type: SEQUENCE; Schema: public; Owner: iss_user
--

ALTER TABLE public."ISS_filterword" ALTER COLUMN id ADD GENERATED BY DEFAULT AS IDENTITY (
    SEQUENCE NAME public."ISS_filterword_id_seq"
    START WITH 1
    INCREMENT BY 1
    NO MINVALUE
    NO MAXVALUE
    CACHE 1
);


--
-- Name: ISS_forum; Type: TABLE; Schema: public; Owner: iss_user
--

CREATE TABLE public."ISS_forum" (
    id integer NOT NULL,
    name text NOT NULL,
    description text NOT NULL,
    priority integer NOT NULL,
    last_update timestamp with time zone NOT NULL,
    is_trash boolean NOT NULL,
    category_id integer,
    create_post_pack_id integer NOT NULL,
    create_thread_pack_id integer NOT NULL,
    include_in_lastest_threads boolean NOT NULL,
    member_view_only boolean NOT NULL
);


ALTER TABLE public."ISS_forum" OWNER TO iss_user;

--
-- Name: ISS_forum_id_seq; Type: SEQUENCE; Schema: public; Owner: iss_user
--

ALTER TABLE public."ISS_forum" ALTER COLUMN id ADD GENERATED BY DEFAULT AS IDENTITY (
    SEQUENCE NAME public."ISS_forum_id_seq"
    START WITH 1
    INCREMENT BY 1
    NO MINVALUE
    NO MAXVALUE
    CACHE 1
);


--
-- Name: ISS_forumflag; Type: TABLE; Schema: public; Owner: iss_user
--

CREATE TABLE public."ISS_forumflag" (
    id integer NOT NULL,
    last_read_date timestamp with time zone,
    forum_id integer NOT NULL,
    poster_id integer NOT NULL
);


ALTER TABLE public."ISS_forumflag" OWNER TO iss_user;

--
-- Name: ISS_forumflag_id_seq; Type: SEQUENCE; Schema: public; Owner: iss_user
--

ALTER TABLE public."ISS_forumflag" ALTER COLUMN id ADD GENERATED BY DEFAULT AS IDENTITY (
    SEQUENCE NAME public."ISS_forumflag_id_seq"
    START WITH 1
    INCREMENT BY 1
    NO MINVALUE
    NO MAXVALUE
    CACHE 1
);


--
-- Name: ISS_ipban; Type: TABLE; Schema: public; Owner: iss_user
--

CREATE TABLE public."ISS_ipban" (
    id integer NOT NULL,
    "on" inet,
    given timestamp with time zone NOT NULL,
    memo text NOT NULL,
    expires timestamp with time zone
);


ALTER TABLE public."ISS_ipban" OWNER TO iss_user;

--
-- Name: ISS_ipban_id_seq; Type: SEQUENCE; Schema: public; Owner: iss_user
--

ALTER TABLE public."ISS_ipban" ALTER COLUMN id ADD GENERATED BY DEFAULT AS IDENTITY (
    SEQUENCE NAME public."ISS_ipban_id_seq"
    START WITH 1
    INCREMENT BY 1
    NO MINVALUE
    NO MAXVALUE
    CACHE 1
);


--
-- Name: ISS_latestthreadsforumpreference; Type: TABLE; Schema: public; Owner: iss_user
--

CREATE TABLE public."ISS_latestthreadsforumpreference" (
    id integer NOT NULL,
    include boolean NOT NULL,
    created timestamp with time zone NOT NULL,
    updated timestamp with time zone NOT NULL,
    forum_id integer NOT NULL,
    poster_id integer NOT NULL
);


ALTER TABLE public."ISS_latestthreadsforumpreference" OWNER TO iss_user;

--
-- Name: ISS_latestthreadsforumpreference_id_seq; Type: SEQUENCE; Schema: public; Owner: iss_user
--

ALTER TABLE public."ISS_latestthreadsforumpreference" ALTER COLUMN id ADD GENERATED BY DEFAULT AS IDENTITY (
    SEQUENCE NAME public."ISS_latestthreadsforumpreference_id_seq"
    START WITH 1
    INCREMENT BY 1
    NO MINVALUE
    NO MAXVALUE
    CACHE 1
);


--
-- Name: ISS_poll; Type: TABLE; Schema: public; Owner: iss_user
--

CREATE TABLE public."ISS_poll" (
    id integer NOT NULL,
    question character varying(1024) NOT NULL,
    vote_type integer NOT NULL,
    thread_id integer NOT NULL
);


ALTER TABLE public."ISS_poll" OWNER TO iss_user;

--
-- Name: ISS_poll_id_seq; Type: SEQUENCE; Schema: public; Owner: iss_user
--

ALTER TABLE public."ISS_poll" ALTER COLUMN id ADD GENERATED BY DEFAULT AS IDENTITY (
    SEQUENCE NAME public."ISS_poll_id_seq"
    START WITH 1
    INCREMENT BY 1
    NO MINVALUE
    NO MAXVALUE
    CACHE 1
);


--
-- Name: ISS_polloption; Type: TABLE; Schema: public; Owner: iss_user
--

CREATE TABLE public."ISS_polloption" (
    id integer NOT NULL,
    answer character varying(1024) NOT NULL,
    poll_id integer NOT NULL
);


ALTER TABLE public."ISS_polloption" OWNER TO iss_user;

--
-- Name: ISS_polloption_id_seq; Type: SEQUENCE; Schema: public; Owner: iss_user
--

ALTER TABLE public."ISS_polloption" ALTER COLUMN id ADD GENERATED BY DEFAULT AS IDENTITY (
    SEQUENCE NAME public."ISS_polloption_id_seq"
    START WITH 1
    INCREMENT BY 1
    NO MINVALUE
    NO MAXVALUE
    CACHE 1
);


--
-- Name: ISS_pollvote; Type: TABLE; Schema: public; Owner: iss_user
--

CREATE TABLE public."ISS_pollvote" (
    id integer NOT NULL,
    poll_option_id integer NOT NULL,
    voter_id integer NOT NULL
);


ALTER TABLE public."ISS_pollvote" OWNER TO iss_user;

--
-- Name: ISS_pollvote_id_seq; Type: SEQUENCE; Schema: public; Owner: iss_user
--

ALTER TABLE public."ISS_pollvote" ALTER COLUMN id ADD GENERATED BY DEFAULT AS IDENTITY (
    SEQUENCE NAME public."ISS_pollvote_id_seq"
    START WITH 1
    INCREMENT BY 1
    NO MINVALUE
    NO MAXVALUE
    CACHE 1
);


--
-- Name: ISS_post; Type: TABLE; Schema: public; Owner: iss_user
--

CREATE TABLE public."ISS_post" (
    id integer NOT NULL,
    created timestamp with time zone NOT NULL,
    content text NOT NULL,
    author_id integer NOT NULL,
    thread_id integer NOT NULL,
    posted_from inet,
    has_been_edited boolean NOT NULL
);


ALTER TABLE public."ISS_post" OWNER TO iss_user;

--
-- Name: ISS_post_id_seq; Type: SEQUENCE; Schema: public; Owner: iss_user
--

ALTER TABLE public."ISS_post" ALTER COLUMN id ADD GENERATED BY DEFAULT AS IDENTITY (
    SEQUENCE NAME public."ISS_post_id_seq"
    START WITH 1
    INCREMENT BY 1
    NO MINVALUE
    NO MAXVALUE
    CACHE 1
);


--
-- Name: ISS_poster; Type: TABLE; Schema: public; Owner: iss_user
--

CREATE TABLE public."ISS_poster" (
    id integer NOT NULL,
    password character varying(128) NOT NULL,
    last_login timestamp with time zone,
    is_superuser boolean NOT NULL,
    username character varying(256) NOT NULL,
    email character varying(254) NOT NULL,
    date_joined timestamp with time zone NOT NULL,
    is_active boolean NOT NULL,
    is_admin boolean NOT NULL,
    is_staff boolean NOT NULL,
    normalized_username character varying(2048) NOT NULL,
    backend text NOT NULL,
    allow_avatars boolean NOT NULL,
    allow_image_embed boolean NOT NULL,
    allow_js boolean NOT NULL,
    custom_user_title character varying(256),
    timezone character varying(256) NOT NULL,
    avatar character varying(100),
    auto_subscribe integer NOT NULL,
    posts_per_page smallint NOT NULL,
    has_report_privilege boolean NOT NULL,
    tripphrase character varying(256),
    enable_editor_buttons boolean NOT NULL,
    recovery_code character varying(256),
    recovery_expiration timestamp with time zone NOT NULL,
    allow_video_embed boolean NOT NULL,
    theme character varying(256) NOT NULL,
    pgp_key text NOT NULL,
    email_verification_code uuid,
    normalized_email character varying(254),
    CONSTRAINT "ISS_poster_posts_per_page_check" CHECK ((posts_per_page >= 0))
);


ALTER TABLE public."ISS_poster" OWNER TO iss_user;

--
-- Name: ISS_poster_groups; Type: TABLE; Schema: public; Owner: iss_user
--

CREATE TABLE public."ISS_poster_groups" (
    id integer NOT NULL,
    poster_id integer NOT NULL,
    group_id integer NOT NULL
);


ALTER TABLE public."ISS_poster_groups" OWNER TO iss_user;

--
-- Name: ISS_poster_groups_id_seq; Type: SEQUENCE; Schema: public; Owner: iss_user
--

ALTER TABLE public."ISS_poster_groups" ALTER COLUMN id ADD GENERATED BY DEFAULT AS IDENTITY (
    SEQUENCE NAME public."ISS_poster_groups_id_seq"
    START WITH 1
    INCREMENT BY 1
    NO MINVALUE
    NO MAXVALUE
    CACHE 1
);


--
-- Name: ISS_poster_id_seq; Type: SEQUENCE; Schema: public; Owner: iss_user
--

ALTER TABLE public."ISS_poster" ALTER COLUMN id ADD GENERATED BY DEFAULT AS IDENTITY (
    SEQUENCE NAME public."ISS_poster_id_seq"
    START WITH 1
    INCREMENT BY 1
    NO MINVALUE
    NO MAXVALUE
    CACHE 1
);


--
-- Name: ISS_poster_user_permissions; Type: TABLE; Schema: public; Owner: iss_user
--

CREATE TABLE public."ISS_poster_user_permissions" (
    id integer NOT NULL,
    poster_id integer NOT NULL,
    permission_id integer NOT NULL
);


ALTER TABLE public."ISS_poster_user_permissions" OWNER TO iss_user;

--
-- Name: ISS_poster_user_permissions_id_seq; Type: SEQUENCE; Schema: public; Owner: iss_user
--

ALTER TABLE public."ISS_poster_user_permissions" ALTER COLUMN id ADD GENERATED BY DEFAULT AS IDENTITY (
    SEQUENCE NAME public."ISS_poster_user_permissions_id_seq"
    START WITH 1
    INCREMENT BY 1
    NO MINVALUE
    NO MAXVALUE
    CACHE 1
);


--
-- Name: ISS_postsnapshot; Type: TABLE; Schema: public; Owner: iss_user
--

CREATE TABLE public."ISS_postsnapshot" (
    id integer NOT NULL,
    "time" timestamp with time zone NOT NULL,
    content text NOT NULL,
    obsolescing_ip inet,
    obsolesced_by_id integer NOT NULL,
    post_id integer NOT NULL
);


ALTER TABLE public."ISS_postsnapshot" OWNER TO iss_user;

--
-- Name: ISS_postsnapshot_id_seq; Type: SEQUENCE; Schema: public; Owner: iss_user
--

ALTER TABLE public."ISS_postsnapshot" ALTER COLUMN id ADD GENERATED BY DEFAULT AS IDENTITY (
    SEQUENCE NAME public."ISS_postsnapshot_id_seq"
    START WITH 1
    INCREMENT BY 1
    NO MINVALUE
    NO MAXVALUE
    CACHE 1
);


--
-- Name: ISS_privatemessage; Type: TABLE; Schema: public; Owner: iss_user
--

CREATE TABLE public."ISS_privatemessage" (
    id integer NOT NULL,
    chain uuid NOT NULL,
    created timestamp with time zone NOT NULL,
    subject character varying(256) NOT NULL,
    content text NOT NULL,
    receiver_id integer NOT NULL,
    sender_id integer NOT NULL,
    inbox_id integer NOT NULL,
    read boolean NOT NULL
);


ALTER TABLE public."ISS_privatemessage" OWNER TO iss_user;

--
-- Name: ISS_privatemessage_id_seq; Type: SEQUENCE; Schema: public; Owner: iss_user
--

ALTER TABLE public."ISS_privatemessage" ALTER COLUMN id ADD GENERATED BY DEFAULT AS IDENTITY (
    SEQUENCE NAME public."ISS_privatemessage_id_seq"
    START WITH 1
    INCREMENT BY 1
    NO MINVALUE
    NO MAXVALUE
    CACHE 1
);


--
-- Name: ISS_ratelimitedaccess; Type: TABLE; Schema: public; Owner: iss_user
--

CREATE TABLE public."ISS_ratelimitedaccess" (
    id integer NOT NULL,
    limit_key character varying(1024) NOT NULL,
    address inet NOT NULL,
    at timestamp with time zone NOT NULL,
    expires timestamp with time zone NOT NULL
);


ALTER TABLE public."ISS_ratelimitedaccess" OWNER TO iss_user;

--
-- Name: ISS_ratelimitedaccess_id_seq; Type: SEQUENCE; Schema: public; Owner: iss_user
--

ALTER TABLE public."ISS_ratelimitedaccess" ALTER COLUMN id ADD GENERATED BY DEFAULT AS IDENTITY (
    SEQUENCE NAME public."ISS_ratelimitedaccess_id_seq"
    START WITH 1
    INCREMENT BY 1
    NO MINVALUE
    NO MAXVALUE
    CACHE 1
);


--
-- Name: ISS_registrationcode; Type: TABLE; Schema: public; Owner: iss_user
--

CREATE TABLE public."ISS_registrationcode" (
    id integer NOT NULL,
    code character varying(256) NOT NULL,
    expires timestamp with time zone,
    generated_on timestamp with time zone NOT NULL,
    used_on timestamp with time zone,
    generated_by_id integer NOT NULL,
    used_by_id integer
);


ALTER TABLE public."ISS_registrationcode" OWNER TO iss_user;

--
-- Name: ISS_registrationcode_id_seq; Type: SEQUENCE; Schema: public; Owner: iss_user
--

ALTER TABLE public."ISS_registrationcode" ALTER COLUMN id ADD GENERATED BY DEFAULT AS IDENTITY (
    SEQUENCE NAME public."ISS_registrationcode_id_seq"
    START WITH 1
    INCREMENT BY 1
    NO MINVALUE
    NO MAXVALUE
    CACHE 1
);


--
-- Name: ISS_staticpage; Type: TABLE; Schema: public; Owner: iss_user
--

CREATE TABLE public."ISS_staticpage" (
    id integer NOT NULL,
    page_id character varying(1024) NOT NULL,
    page_title character varying(1024) NOT NULL,
    content text NOT NULL
);


ALTER TABLE public."ISS_staticpage" OWNER TO iss_user;

--
-- Name: ISS_staticpage_id_seq; Type: SEQUENCE; Schema: public; Owner: iss_user
--

ALTER TABLE public."ISS_staticpage" ALTER COLUMN id ADD GENERATED BY DEFAULT AS IDENTITY (
    SEQUENCE NAME public."ISS_staticpage_id_seq"
    START WITH 1
    INCREMENT BY 1
    NO MINVALUE
    NO MAXVALUE
    CACHE 1
);


--
-- Name: ISS_thanks; Type: TABLE; Schema: public; Owner: iss_user
--

CREATE TABLE public."ISS_thanks" (
    id integer NOT NULL,
    given timestamp with time zone NOT NULL,
    post_id integer NOT NULL,
    thankee_id integer NOT NULL,
    thanker_id integer NOT NULL
);


ALTER TABLE public."ISS_thanks" OWNER TO iss_user;

--
-- Name: ISS_thanks_id_seq; Type: SEQUENCE; Schema: public; Owner: iss_user
--

ALTER TABLE public."ISS_thanks" ALTER COLUMN id ADD GENERATED BY DEFAULT AS IDENTITY (
    SEQUENCE NAME public."ISS_thanks_id_seq"
    START WITH 1
    INCREMENT BY 1
    NO MINVALUE
    NO MAXVALUE
    CACHE 1
);


--
-- Name: ISS_thread; Type: TABLE; Schema: public; Owner: iss_user
--

CREATE TABLE public."ISS_thread" (
    id integer NOT NULL,
    created timestamp with time zone NOT NULL,
    last_update timestamp with time zone NOT NULL,
    title text NOT NULL,
    log text NOT NULL,
    forum_id integer NOT NULL,
    stickied boolean NOT NULL,
    locked boolean NOT NULL,
    author_id integer NOT NULL
);


ALTER TABLE public."ISS_thread" OWNER TO iss_user;

--
-- Name: ISS_thread_id_seq; Type: SEQUENCE; Schema: public; Owner: iss_user
--

ALTER TABLE public."ISS_thread" ALTER COLUMN id ADD GENERATED BY DEFAULT AS IDENTITY (
    SEQUENCE NAME public."ISS_thread_id_seq"
    START WITH 1
    INCREMENT BY 1
    NO MINVALUE
    NO MAXVALUE
    CACHE 1
);


--
-- Name: ISS_threadflag; Type: TABLE; Schema: public; Owner: iss_user
--

CREATE TABLE public."ISS_threadflag" (
    id integer NOT NULL,
    last_read_date timestamp with time zone,
    subscribed boolean NOT NULL,
    last_read_post_id integer,
    poster_id integer NOT NULL,
    thread_id integer NOT NULL
);


ALTER TABLE public."ISS_threadflag" OWNER TO iss_user;

--
-- Name: ISS_threadflag_id_seq; Type: SEQUENCE; Schema: public; Owner: iss_user
--

ALTER TABLE public."ISS_threadflag" ALTER COLUMN id ADD GENERATED BY DEFAULT AS IDENTITY (
    SEQUENCE NAME public."ISS_threadflag_id_seq"
    START WITH 1
    INCREMENT BY 1
    NO MINVALUE
    NO MAXVALUE
    CACHE 1
);


--
-- Name: auth_group; Type: TABLE; Schema: public; Owner: iss_user
--

CREATE TABLE public.auth_group (
    id integer NOT NULL,
    name character varying(150) NOT NULL
);


ALTER TABLE public.auth_group OWNER TO iss_user;

--
-- Name: auth_group_id_seq; Type: SEQUENCE; Schema: public; Owner: iss_user
--

ALTER TABLE public.auth_group ALTER COLUMN id ADD GENERATED BY DEFAULT AS IDENTITY (
    SEQUENCE NAME public.auth_group_id_seq
    START WITH 1
    INCREMENT BY 1
    NO MINVALUE
    NO MAXVALUE
    CACHE 1
);


--
-- Name: auth_group_permissions; Type: TABLE; Schema: public; Owner: iss_user
--

CREATE TABLE public.auth_group_permissions (
    id integer NOT NULL,
    group_id integer NOT NULL,
    permission_id integer NOT NULL
);


ALTER TABLE public.auth_group_permissions OWNER TO iss_user;

--
-- Name: auth_group_permissions_id_seq; Type: SEQUENCE; Schema: public; Owner: iss_user
--

ALTER TABLE public.auth_group_permissions ALTER COLUMN id ADD GENERATED BY DEFAULT AS IDENTITY (
    SEQUENCE NAME public.auth_group_permissions_id_seq
    START WITH 1
    INCREMENT BY 1
    NO MINVALUE
    NO MAXVALUE
    CACHE 1
);


--
-- Name: auth_permission; Type: TABLE; Schema: public; Owner: iss_user
--

CREATE TABLE public.auth_permission (
    id integer NOT NULL,
    name character varying(255) NOT NULL,
    content_type_id integer NOT NULL,
    codename character varying(100) NOT NULL
);


ALTER TABLE public.auth_permission OWNER TO iss_user;

--
-- Name: auth_permission_id_seq; Type: SEQUENCE; Schema: public; Owner: iss_user
--

ALTER TABLE public.auth_permission ALTER COLUMN id ADD GENERATED BY DEFAULT AS IDENTITY (
    SEQUENCE NAME public.auth_permission_id_seq
    START WITH 1
    INCREMENT BY 1
    NO MINVALUE
    NO MAXVALUE
    CACHE 1
);


--
-- Name: django_admin_log; Type: TABLE; Schema: public; Owner: iss_user
--

CREATE TABLE public.django_admin_log (
    id integer NOT NULL,
    action_time timestamp with time zone NOT NULL,
    object_id text,
    object_repr character varying(200) NOT NULL,
    action_flag smallint NOT NULL,
    change_message text NOT NULL,
    content_type_id integer,
    user_id integer NOT NULL,
    CONSTRAINT django_admin_log_action_flag_check CHECK ((action_flag >= 0))
);


ALTER TABLE public.django_admin_log OWNER TO iss_user;

--
-- Name: django_admin_log_id_seq; Type: SEQUENCE; Schema: public; Owner: iss_user
--

ALTER TABLE public.django_admin_log ALTER COLUMN id ADD GENERATED BY DEFAULT AS IDENTITY (
    SEQUENCE NAME public.django_admin_log_id_seq
    START WITH 1
    INCREMENT BY 1
    NO MINVALUE
    NO MAXVALUE
    CACHE 1
);


--
-- Name: django_content_type; Type: TABLE; Schema: public; Owner: iss_user
--

CREATE TABLE public.django_content_type (
    id integer NOT NULL,
    app_label character varying(100) NOT NULL,
    model character varying(100) NOT NULL
);


ALTER TABLE public.django_content_type OWNER TO iss_user;

--
-- Name: django_content_type_id_seq; Type: SEQUENCE; Schema: public; Owner: iss_user
--

ALTER TABLE public.django_content_type ALTER COLUMN id ADD GENERATED BY DEFAULT AS IDENTITY (
    SEQUENCE NAME public.django_content_type_id_seq
    START WITH 1
    INCREMENT BY 1
    NO MINVALUE
    NO MAXVALUE
    CACHE 1
);


--
-- Name: django_migrations; Type: TABLE; Schema: public; Owner: iss_user
--

CREATE TABLE public.django_migrations (
    id integer NOT NULL,
    app character varying(255) NOT NULL,
    name character varying(255) NOT NULL,
    applied timestamp with time zone NOT NULL
);


ALTER TABLE public.django_migrations OWNER TO iss_user;

--
-- Name: django_migrations_id_seq; Type: SEQUENCE; Schema: public; Owner: iss_user
--

ALTER TABLE public.django_migrations ALTER COLUMN id ADD GENERATED BY DEFAULT AS IDENTITY (
    SEQUENCE NAME public.django_migrations_id_seq
    START WITH 1
    INCREMENT BY 1
    NO MINVALUE
    NO MAXVALUE
    CACHE 1
);


--
-- Name: django_session; Type: TABLE; Schema: public; Owner: iss_user
--

CREATE TABLE public.django_session (
    session_key character varying(40) NOT NULL,
    session_data text NOT NULL,
    expire_date timestamp with time zone NOT NULL
);


ALTER TABLE public.django_session OWNER TO iss_user;

--
-- Name: taboo_tabooprofile; Type: TABLE; Schema: public; Owner: iss_user
--

CREATE TABLE public.taboo_tabooprofile (
    id integer NOT NULL,
    phrase character varying(1024) NOT NULL,
    active boolean NOT NULL,
    created timestamp with time zone NOT NULL,
    mark_id integer,
    poster_id integer NOT NULL,
    last_registration timestamp with time zone NOT NULL
);


ALTER TABLE public.taboo_tabooprofile OWNER TO iss_user;

--
-- Name: taboo_tabooprofile_id_seq; Type: SEQUENCE; Schema: public; Owner: iss_user
--

ALTER TABLE public.taboo_tabooprofile ALTER COLUMN id ADD GENERATED BY DEFAULT AS IDENTITY (
    SEQUENCE NAME public.taboo_tabooprofile_id_seq
    START WITH 1
    INCREMENT BY 1
    NO MINVALUE
    NO MAXVALUE
    CACHE 1
);


--
-- Name: taboo_tabooviolationrecord; Type: TABLE; Schema: public; Owner: iss_user
--

CREATE TABLE public.taboo_tabooviolationrecord (
    id integer NOT NULL,
    created timestamp with time zone NOT NULL,
    phrase character varying(1024) NOT NULL,
    mark_id integer NOT NULL,
    poster_id integer NOT NULL,
    violating_post_id integer,
    loser_former_title character varying(256),
    titles_rectified boolean NOT NULL,
    victor_former_title character varying(256)
);


ALTER TABLE public.taboo_tabooviolationrecord OWNER TO iss_user;

--
-- Name: taboo_tabooviolationrecord_id_seq; Type: SEQUENCE; Schema: public; Owner: iss_user
--

ALTER TABLE public.taboo_tabooviolationrecord ALTER COLUMN id ADD GENERATED BY DEFAULT AS IDENTITY (
    SEQUENCE NAME public.taboo_tabooviolationrecord_id_seq
    START WITH 1
    INCREMENT BY 1
    NO MINVALUE
    NO MAXVALUE
    CACHE 1
);


--
-- Data for Name: ISS_accesscontrolgroup; Type: TABLE DATA; Schema: public; Owner: iss_user
--

COPY public."ISS_accesscontrolgroup" (id, name) FROM stdin;
\.


--
-- Data for Name: ISS_accesscontrolgroup_members; Type: TABLE DATA; Schema: public; Owner: iss_user
--

COPY public."ISS_accesscontrolgroup_members" (id, accesscontrolgroup_id, poster_id) FROM stdin;
\.


--
-- Data for Name: ISS_accesscontrollist; Type: TABLE DATA; Schema: public; Owner: iss_user
--

COPY public."ISS_accesscontrollist" (id, name, allow_by_default) FROM stdin;
\.


--
-- Data for Name: ISS_accesscontrollist_black_groups; Type: TABLE DATA; Schema: public; Owner: iss_user
--

COPY public."ISS_accesscontrollist_black_groups" (id, accesscontrollist_id, accesscontrolgroup_id) FROM stdin;
\.


--
-- Data for Name: ISS_accesscontrollist_black_posters; Type: TABLE DATA; Schema: public; Owner: iss_user
--

COPY public."ISS_accesscontrollist_black_posters" (id, accesscontrollist_id, poster_id) FROM stdin;
\.


--
-- Data for Name: ISS_accesscontrollist_white_groups; Type: TABLE DATA; Schema: public; Owner: iss_user
--

COPY public."ISS_accesscontrollist_white_groups" (id, accesscontrollist_id, accesscontrolgroup_id) FROM stdin;
\.


--
-- Data for Name: ISS_accesscontrollist_white_posters; Type: TABLE DATA; Schema: public; Owner: iss_user
--

COPY public."ISS_accesscontrollist_white_posters" (id, accesscontrollist_id, poster_id) FROM stdin;
\.


--
-- Data for Name: ISS_authpackage; Type: TABLE DATA; Schema: public; Owner: iss_user
--

COPY public."ISS_authpackage" (id, logic_package, logic_config) FROM stdin;
1	PERMISSIVE	
2	PERMISSIVE	
3	PERMISSIVE	
4	PERMISSIVE	
5	PERMISSIVE	
6	PERMISSIVE	
7	PERMISSIVE	
8	PERMISSIVE	
9	PERMISSIVE	
10	PERMISSIVE	
11	PERMISSIVE	
12	PERMISSIVE	
13	PERMISSIVE	
14	PERMISSIVE	
15	PERMISSIVE	
16	PERMISSIVE	
17	PERMISSIVE	
18	PERMISSIVE	
\.


--
-- Data for Name: ISS_ban; Type: TABLE DATA; Schema: public; Owner: iss_user
--

COPY public."ISS_ban" (id, end_date, reason, subject_id, start_date, given_by_id) FROM stdin;
\.


--
-- Data for Name: ISS_banner; Type: TABLE DATA; Schema: public; Owner: iss_user
--

COPY public."ISS_banner" (id, is_enabled, image) FROM stdin;
\.


--
-- Data for Name: ISS_category; Type: TABLE DATA; Schema: public; Owner: iss_user
--

COPY public."ISS_category" (id, name, priority) FROM stdin;
1	General	0
\.


--
-- Data for Name: ISS_filterword; Type: TABLE DATA; Schema: public; Owner: iss_user
--

COPY public."ISS_filterword" (id, pattern, replacement, active, case_sensitive) FROM stdin;
\.


--
-- Data for Name: ISS_forum; Type: TABLE DATA; Schema: public; Owner: iss_user
--

COPY public."ISS_forum" (id, name, description, priority, last_update, is_trash, category_id, create_post_pack_id, create_thread_pack_id, include_in_lastest_threads, member_view_only) FROM stdin;
1	Generally Speaking	For topics that don't belong anywhere else.	0	2024-11-27 19:16:16+00	f	1	10	9	t	f
2	/dev/null	the trash forum	999	2024-11-27 19:23:15+00	t	1	16	15	t	f
\.


--
-- Data for Name: ISS_forumflag; Type: TABLE DATA; Schema: public; Owner: iss_user
--

COPY public."ISS_forumflag" (id, last_read_date, forum_id, poster_id) FROM stdin;
1	\N	1	1
2	\N	2	1
\.


--
-- Data for Name: ISS_ipban; Type: TABLE DATA; Schema: public; Owner: iss_user
--

COPY public."ISS_ipban" (id, "on", given, memo, expires) FROM stdin;
\.


--
-- Data for Name: ISS_latestthreadsforumpreference; Type: TABLE DATA; Schema: public; Owner: iss_user
--

COPY public."ISS_latestthreadsforumpreference" (id, include, created, updated, forum_id, poster_id) FROM stdin;
\.


--
-- Data for Name: ISS_poll; Type: TABLE DATA; Schema: public; Owner: iss_user
--

COPY public."ISS_poll" (id, question, vote_type, thread_id) FROM stdin;
\.


--
-- Data for Name: ISS_polloption; Type: TABLE DATA; Schema: public; Owner: iss_user
--

COPY public."ISS_polloption" (id, answer, poll_id) FROM stdin;
\.


--
-- Data for Name: ISS_pollvote; Type: TABLE DATA; Schema: public; Owner: iss_user
--

COPY public."ISS_pollvote" (id, poll_option_id, voter_id) FROM stdin;
\.


--
-- Data for Name: ISS_post; Type: TABLE DATA; Schema: public; Owner: iss_user
--

COPY public."ISS_post" (id, created, content, author_id, thread_id, posted_from, has_been_edited) FROM stdin;
\.


--
-- Data for Name: ISS_poster; Type: TABLE DATA; Schema: public; Owner: iss_user
--

COPY public."ISS_poster" (id, password, last_login, is_superuser, username, email, date_joined, is_active, is_admin, is_staff, normalized_username, backend, allow_avatars, allow_image_embed, allow_js, custom_user_title, timezone, avatar, auto_subscribe, posts_per_page, has_report_privilege, tripphrase, enable_editor_buttons, recovery_code, recovery_expiration, allow_video_embed, theme, pgp_key, email_verification_code, normalized_email) FROM stdin;
1	pbkdf2_sha256$600000$fXJqjgSBkWlJrlw3cRiDkg$3QjIJgve5TbJWdCGT4nDzkK/bQa4y2HzF9d34A4eaAU=	2024-11-27 18:43:40.949181+00	t	admin	admin@example.com	2024-11-27 18:39:07.440038+00	t	f	t		django.contrib.auth.backends.ModelBackend	t	t	t	\N	UTC		1	20	t	\N	f	\N	2024-11-27 18:39:07.440073+00	t	&T		70a17bf7-e31f-4efb-912f-d41bca7d8146	\N
\.


--
-- Data for Name: ISS_poster_groups; Type: TABLE DATA; Schema: public; Owner: iss_user
--

COPY public."ISS_poster_groups" (id, poster_id, group_id) FROM stdin;
\.


--
-- Data for Name: ISS_poster_user_permissions; Type: TABLE DATA; Schema: public; Owner: iss_user
--

COPY public."ISS_poster_user_permissions" (id, poster_id, permission_id) FROM stdin;
\.


--
-- Data for Name: ISS_postsnapshot; Type: TABLE DATA; Schema: public; Owner: iss_user
--

COPY public."ISS_postsnapshot" (id, "time", content, obsolescing_ip, obsolesced_by_id, post_id) FROM stdin;
\.


--
-- Data for Name: ISS_privatemessage; Type: TABLE DATA; Schema: public; Owner: iss_user
--

COPY public."ISS_privatemessage" (id, chain, created, subject, content, receiver_id, sender_id, inbox_id, read) FROM stdin;
\.


--
-- Data for Name: ISS_ratelimitedaccess; Type: TABLE DATA; Schema: public; Owner: iss_user
--

COPY public."ISS_ratelimitedaccess" (id, limit_key, address, at, expires) FROM stdin;
\.


--
-- Data for Name: ISS_registrationcode; Type: TABLE DATA; Schema: public; Owner: iss_user
--

COPY public."ISS_registrationcode" (id, code, expires, generated_on, used_on, generated_by_id, used_by_id) FROM stdin;
\.


--
-- Data for Name: ISS_staticpage; Type: TABLE DATA; Schema: public; Owner: iss_user
--

COPY public."ISS_staticpage" (id, page_id, page_title, content) FROM stdin;
\.


--
-- Data for Name: ISS_thanks; Type: TABLE DATA; Schema: public; Owner: iss_user
--

COPY public."ISS_thanks" (id, given, post_id, thankee_id, thanker_id) FROM stdin;
\.


--
-- Data for Name: ISS_thread; Type: TABLE DATA; Schema: public; Owner: iss_user
--

COPY public."ISS_thread" (id, created, last_update, title, log, forum_id, stickied, locked, author_id) FROM stdin;
\.


--
-- Data for Name: ISS_threadflag; Type: TABLE DATA; Schema: public; Owner: iss_user
--

COPY public."ISS_threadflag" (id, last_read_date, subscribed, last_read_post_id, poster_id, thread_id) FROM stdin;
\.


--
-- Data for Name: auth_group; Type: TABLE DATA; Schema: public; Owner: iss_user
--

COPY public.auth_group (id, name) FROM stdin;
\.


--
-- Data for Name: auth_group_permissions; Type: TABLE DATA; Schema: public; Owner: iss_user
--

COPY public.auth_group_permissions (id, group_id, permission_id) FROM stdin;
\.


--
-- Data for Name: auth_permission; Type: TABLE DATA; Schema: public; Owner: iss_user
--

COPY public.auth_permission (id, name, content_type_id, codename) FROM stdin;
1	Can add log entry	1	add_logentry
2	Can change log entry	1	change_logentry
3	Can delete log entry	1	delete_logentry
4	Can view log entry	1	view_logentry
5	Can add permission	2	add_permission
6	Can change permission	2	change_permission
7	Can delete permission	2	delete_permission
8	Can view permission	2	view_permission
9	Can add group	3	add_group
10	Can change group	3	change_group
11	Can delete group	3	delete_group
12	Can view group	3	view_group
13	Can add content type	4	add_contenttype
14	Can change content type	4	change_contenttype
15	Can delete content type	4	delete_contenttype
16	Can view content type	4	view_contenttype
17	Can add session	5	add_session
18	Can change session	5	change_session
19	Can delete session	5	delete_session
20	Can view session	5	view_session
21	Can add forum	6	add_forum
22	Can change forum	6	change_forum
23	Can delete forum	6	delete_forum
24	Can view forum	6	view_forum
25	Can add post	7	add_post
26	Can change post	7	change_post
27	Can delete post	7	delete_post
28	Can view post	7	view_post
29	Can add thanks	8	add_thanks
30	Can change thanks	8	change_thanks
31	Can delete thanks	8	delete_thanks
32	Can view thanks	8	view_thanks
33	Can add thread	9	add_thread
34	Can change thread	9	change_thread
35	Can delete thread	9	delete_thread
36	Can view thread	9	view_thread
37	Can add poster	10	add_poster
38	Can change poster	10	change_poster
39	Can delete poster	10	delete_poster
40	Can view poster	10	view_poster
41	Can add thread flag	11	add_threadflag
42	Can change thread flag	11	change_threadflag
43	Can delete thread flag	11	delete_threadflag
44	Can view thread flag	11	view_threadflag
45	Can add forum flag	12	add_forumflag
46	Can change forum flag	12	change_forumflag
47	Can delete forum flag	12	delete_forumflag
48	Can view forum flag	12	view_forumflag
49	Can add private message	13	add_privatemessage
50	Can change private message	13	change_privatemessage
51	Can delete private message	13	delete_privatemessage
52	Can view private message	13	view_privatemessage
53	Can add filter word	14	add_filterword
54	Can change filter word	14	change_filterword
55	Can delete filter word	14	delete_filterword
56	Can view filter word	14	view_filterword
57	Can add ban	15	add_ban
58	Can change ban	15	change_ban
59	Can delete ban	15	delete_ban
60	Can view ban	15	view_ban
61	Can add category	16	add_category
62	Can change category	16	change_category
63	Can delete category	16	delete_category
64	Can view category	16	view_category
65	Can add auth package	17	add_authpackage
66	Can change auth package	17	change_authpackage
67	Can delete auth package	17	delete_authpackage
68	Can view auth package	17	view_authpackage
69	Can add ip ban	18	add_ipban
70	Can change ip ban	18	change_ipban
71	Can delete ip ban	18	delete_ipban
72	Can view ip ban	18	view_ipban
73	Can add registration code	19	add_registrationcode
74	Can change registration code	19	change_registrationcode
75	Can delete registration code	19	delete_registrationcode
76	Can view registration code	19	view_registrationcode
77	Can add access control group	20	add_accesscontrolgroup
78	Can change access control group	20	change_accesscontrolgroup
79	Can delete access control group	20	delete_accesscontrolgroup
80	Can view access control group	20	view_accesscontrolgroup
81	Can add access control list	21	add_accesscontrollist
82	Can change access control list	21	change_accesscontrollist
83	Can delete access control list	21	delete_accesscontrollist
84	Can view access control list	21	view_accesscontrollist
85	Can add post snapshot	22	add_postsnapshot
86	Can change post snapshot	22	change_postsnapshot
87	Can delete post snapshot	22	delete_postsnapshot
88	Can view post snapshot	22	view_postsnapshot
89	Can add static page	23	add_staticpage
90	Can change static page	23	change_staticpage
91	Can delete static page	23	delete_staticpage
92	Can view static page	23	view_staticpage
93	Can add latest threads forum preference	24	add_latestthreadsforumpreference
94	Can change latest threads forum preference	24	change_latestthreadsforumpreference
95	Can delete latest threads forum preference	24	delete_latestthreadsforumpreference
96	Can view latest threads forum preference	24	view_latestthreadsforumpreference
97	Can add rate limited access	25	add_ratelimitedaccess
98	Can change rate limited access	25	change_ratelimitedaccess
99	Can delete rate limited access	25	delete_ratelimitedaccess
100	Can view rate limited access	25	view_ratelimitedaccess
101	Can add poll	26	add_poll
102	Can change poll	26	change_poll
103	Can delete poll	26	delete_poll
104	Can view poll	26	view_poll
105	Can add poll option	27	add_polloption
106	Can change poll option	27	change_polloption
107	Can delete poll option	27	delete_polloption
108	Can view poll option	27	view_polloption
109	Can add poll vote	28	add_pollvote
110	Can change poll vote	28	change_pollvote
111	Can delete poll vote	28	delete_pollvote
112	Can view poll vote	28	view_pollvote
113	Can add banner	29	add_banner
114	Can change banner	29	change_banner
115	Can delete banner	29	delete_banner
116	Can view banner	29	view_banner
117	Can add taboo profile	30	add_tabooprofile
118	Can change taboo profile	30	change_tabooprofile
119	Can delete taboo profile	30	delete_tabooprofile
120	Can view taboo profile	30	view_tabooprofile
121	Can add taboo violation record	31	add_tabooviolationrecord
122	Can change taboo violation record	31	change_tabooviolationrecord
123	Can delete taboo violation record	31	delete_tabooviolationrecord
124	Can view taboo violation record	31	view_tabooviolationrecord
\.


--
-- Data for Name: django_admin_log; Type: TABLE DATA; Schema: public; Owner: iss_user
--

COPY public.django_admin_log (id, action_time, object_id, object_repr, action_flag, change_message, content_type_id, user_id) FROM stdin;
1	2024-11-27 19:13:09.363035+00	1	General	1	[{"added": {}}]	16	1
2	2024-11-27 19:23:13.442268+00	1	Generally Speaking	1	[{"added": {}}]	6	1
3	2024-11-27 19:23:31.924411+00	2	/dev/null	1	[{"added": {}}]	6	1
\.


--
-- Data for Name: django_content_type; Type: TABLE DATA; Schema: public; Owner: iss_user
--

COPY public.django_content_type (id, app_label, model) FROM stdin;
1	admin	logentry
2	auth	permission
3	auth	group
4	contenttypes	contenttype
5	sessions	session
6	ISS	forum
7	ISS	post
8	ISS	thanks
9	ISS	thread
10	ISS	poster
11	ISS	threadflag
12	ISS	forumflag
13	ISS	privatemessage
14	ISS	filterword
15	ISS	ban
16	ISS	category
17	ISS	authpackage
18	ISS	ipban
19	ISS	registrationcode
20	ISS	accesscontrolgroup
21	ISS	accesscontrollist
22	ISS	postsnapshot
23	ISS	staticpage
24	ISS	latestthreadsforumpreference
25	ISS	ratelimitedaccess
26	ISS	poll
27	ISS	polloption
28	ISS	pollvote
29	ISS	banner
30	taboo	tabooprofile
31	taboo	tabooviolationrecord
\.


--
-- Data for Name: django_migrations; Type: TABLE DATA; Schema: public; Owner: iss_user
--

COPY public.django_migrations (id, app, name, applied) FROM stdin;
1	contenttypes	0001_initial	2024-11-27 17:52:28.658343+00
2	contenttypes	0002_remove_content_type_name	2024-11-27 17:52:28.674364+00
3	auth	0001_initial	2024-11-27 17:52:28.734161+00
4	auth	0002_alter_permission_name_max_length	2024-11-27 17:52:28.742178+00
5	auth	0003_alter_user_email_max_length	2024-11-27 17:52:28.759389+00
6	auth	0004_alter_user_username_opts	2024-11-27 17:52:28.774549+00
7	auth	0005_alter_user_last_login_null	2024-11-27 17:52:28.788013+00
8	auth	0006_require_contenttypes_0002	2024-11-27 17:52:28.797903+00
9	ISS	0001_initial	2024-11-27 17:52:29.062338+00
10	ISS	0002_forum_priority	2024-11-27 17:52:29.081131+00
11	ISS	0052_thread_stickied	2024-11-27 17:52:29.110511+00
12	ISS	0003_thread_locked	2024-11-27 17:52:29.137358+00
13	ISS	0004_auto_20161022_1949	2024-11-27 17:52:29.25298+00
14	ISS	0005_poster_normalized_username	2024-11-27 17:52:29.275025+00
15	ISS	0006_auto_20161106_1522	2024-11-27 17:52:29.351772+00
16	ISS	0007_poster_backend	2024-11-27 17:52:29.364196+00
17	ISS	0008_auto_20161108_0506	2024-11-27 17:52:29.380329+00
18	ISS	0009_auto_20161108_2103	2024-11-27 17:52:29.422322+00
19	ISS	0010_auto_20161113_2046	2024-11-27 17:52:29.435572+00
20	ISS	0011_poster_timezone	2024-11-27 17:52:29.449719+00
21	ISS	0012_privatemessage	2024-11-27 17:52:29.482152+00
22	ISS	0013_auto_20161119_2100	2024-11-27 17:52:29.547849+00
23	ISS	0014_auto_20161128_0420	2024-11-27 17:52:29.553124+00
24	ISS	0015_auto_20161129_2051	2024-11-27 17:52:29.565785+00
25	ISS	0016_poster_avatar	2024-11-27 17:52:29.579898+00
26	ISS	0017_auto_20161216_0633	2024-11-27 17:52:29.591439+00
27	ISS	0018_thread_author	2024-11-27 17:52:29.618455+00
28	ISS	0019_auto_20161218_0403	2024-11-27 17:52:29.636623+00
29	ISS	0020_auto_20161218_0409	2024-11-27 17:52:29.668293+00
30	ISS	0021_poster_auto_subscribe	2024-11-27 17:52:29.684734+00
31	ISS	0022_poster_posts_per_page	2024-11-27 17:52:29.702941+00
32	ISS	0023_filterword	2024-11-27 17:52:29.717827+00
33	ISS	0024_filterword_case_sensitive	2024-11-27 17:52:29.726931+00
34	ISS	0025_poster_has_report_privilege	2024-11-27 17:52:29.746393+00
35	ISS	0026_ban	2024-11-27 17:52:29.787946+00
36	ISS	0027_ban_start_date	2024-11-27 17:52:29.808032+00
37	ISS	0028_auto_20170311_2359	2024-11-27 17:52:29.84795+00
38	ISS	0029_post_posted_from	2024-11-27 17:52:29.864854+00
39	ISS	0030_poster_tripphrase	2024-11-27 17:52:29.881208+00
40	ISS	0031_auto_20170503_0644	2024-11-27 17:52:29.927151+00
41	ISS	0032_auto_20170522_0438	2024-11-27 17:52:29.955765+00
42	ISS	0033_poster_enable_editor_buttons	2024-11-27 17:52:29.974714+00
43	ISS	0034_authpackage	2024-11-27 17:52:29.989299+00
44	ISS	0035_auto_20170604_0032	2024-11-27 17:52:30.052306+00
45	ISS	0036_ipban	2024-11-27 17:52:30.069519+00
46	ISS	0037_auto_20170702_2305	2024-11-27 17:52:30.097085+00
47	ISS	0038_auto_20170717_0022	2024-11-27 17:52:30.146639+00
48	ISS	0039_registrationcode	2024-11-27 17:52:30.200516+00
49	ISS	0040_accesscontrolgroup_accesscontrollist	2024-11-27 17:52:30.422442+00
50	ISS	0041_auto_20171220_0308	2024-11-27 17:52:30.56318+00
51	ISS	0042_auto_20171230_0158	2024-11-27 17:52:30.730125+00
52	ISS	0043_auto_20180408_2104	2024-11-27 17:52:30.772416+00
53	ISS	0044_auto_20180705_0816	2024-11-27 17:52:30.842729+00
54	ISS	0045_auto_20180705_0838	2024-11-27 17:52:30.870114+00
55	ISS	0046_poster_theme	2024-11-27 17:52:30.890554+00
56	ISS	0047_poster_pgp_key	2024-11-27 17:52:30.917304+00
57	ISS	0048_auto_20190109_0437	2024-11-27 17:52:30.951085+00
58	ISS	0049_auto_20190209_2212	2024-11-27 17:52:30.995196+00
59	ISS	0050_poster_normalized_email	2024-11-27 17:52:31.018158+00
60	ISS	0051_auto_20190210_0919	2024-11-27 17:52:31.045187+00
61	ISS	0053_merge_20190430_2000	2024-11-27 17:52:31.051149+00
62	ISS	0054_auto_20190906_0152	2024-11-27 17:52:31.09947+00
63	ISS	0055_auto_20191214_0554	2024-11-27 17:52:31.16621+00
64	ISS	0056_auto_20200121_0440	2024-11-27 17:52:31.34226+00
65	ISS	0057_poll_polloption_pollvote	2024-11-27 17:52:31.588075+00
66	ISS	0058_auto_20200126_0327	2024-11-27 17:52:31.625326+00
67	ISS	0056_member_view_only	2024-11-27 17:52:31.642128+00
68	ISS	0057_auto_20200119_2340	2024-11-27 17:52:31.807311+00
69	ISS	0059_merge_20200202_2150	2024-11-27 17:52:31.814838+00
70	ISS	0060_banner_alter_poster_theme_alter_poster_timezone	2024-11-27 17:52:31.876263+00
71	admin	0001_initial	2024-11-27 17:52:31.925627+00
72	admin	0002_logentry_remove_auto_add	2024-11-27 17:52:31.95446+00
73	admin	0003_logentry_add_action_flag_choices	2024-11-27 17:52:31.97846+00
74	auth	0007_alter_validators_add_error_messages	2024-11-27 17:52:31.997361+00
75	auth	0008_alter_user_username_max_length	2024-11-27 17:52:32.017714+00
76	auth	0009_alter_user_last_name_max_length	2024-11-27 17:52:32.039141+00
77	auth	0010_alter_group_name_max_length	2024-11-27 17:52:32.078705+00
78	auth	0011_update_proxy_permissions	2024-11-27 17:52:32.118855+00
79	auth	0012_alter_user_first_name_max_length	2024-11-27 17:52:32.139106+00
80	sessions	0001_initial	2024-11-27 17:52:32.163376+00
81	taboo	0001_initial	2024-11-27 17:52:32.213302+00
82	taboo	0002_auto_20170528_2317	2024-11-27 17:52:32.304364+00
83	taboo	0003_tabooviolationrecord	2024-11-27 17:52:32.456076+00
84	taboo	0004_auto_20190101_1231	2024-11-27 17:52:32.555597+00
\.


--
-- Data for Name: django_session; Type: TABLE DATA; Schema: public; Owner: iss_user
--

COPY public.django_session (session_key, session_data, expire_date) FROM stdin;
12btp7yfofrczbp0ltx274zu11p4ro4l	.eJxVjMsOwiAUBf-FtSHcIg9duu83EO4jUjWQlHZl_HdD0oVuz8yct0p530rau6xpYXVVoE6_G2Z6Sh2AH7nem6ZWt3VBPRR90K7nxvK6He7fQcm9jJokGvCOvFgI0RvvBSIH40IEwowYkGkKFrOzEUmCiLmAIT_ZM1NUny_gJjf9:1tGN0m:MD8jmRw7g3m_FmwA9bUs5Gsx0G6BDHgAzdNrT_2MFiM	2024-12-11 18:43:40.952479+00
\.


--
-- Data for Name: taboo_tabooprofile; Type: TABLE DATA; Schema: public; Owner: iss_user
--

COPY public.taboo_tabooprofile (id, phrase, active, created, mark_id, poster_id, last_registration) FROM stdin;
\.


--
-- Data for Name: taboo_tabooviolationrecord; Type: TABLE DATA; Schema: public; Owner: iss_user
--

COPY public.taboo_tabooviolationrecord (id, created, phrase, mark_id, poster_id, violating_post_id, loser_former_title, titles_rectified, victor_former_title) FROM stdin;
\.


--
-- Name: ISS_accesscontrolgroup_id_seq; Type: SEQUENCE SET; Schema: public; Owner: iss_user
--

SELECT pg_catalog.setval('public."ISS_accesscontrolgroup_id_seq"', 1, false);


--
-- Name: ISS_accesscontrolgroup_members_id_seq; Type: SEQUENCE SET; Schema: public; Owner: iss_user
--

SELECT pg_catalog.setval('public."ISS_accesscontrolgroup_members_id_seq"', 1, false);


--
-- Name: ISS_accesscontrollist_black_groups_id_seq; Type: SEQUENCE SET; Schema: public; Owner: iss_user
--

SELECT pg_catalog.setval('public."ISS_accesscontrollist_black_groups_id_seq"', 1, false);


--
-- Name: ISS_accesscontrollist_black_posters_id_seq; Type: SEQUENCE SET; Schema: public; Owner: iss_user
--

SELECT pg_catalog.setval('public."ISS_accesscontrollist_black_posters_id_seq"', 1, false);


--
-- Name: ISS_accesscontrollist_id_seq; Type: SEQUENCE SET; Schema: public; Owner: iss_user
--

SELECT pg_catalog.setval('public."ISS_accesscontrollist_id_seq"', 1, false);


--
-- Name: ISS_accesscontrollist_white_groups_id_seq; Type: SEQUENCE SET; Schema: public; Owner: iss_user
--

SELECT pg_catalog.setval('public."ISS_accesscontrollist_white_groups_id_seq"', 1, false);


--
-- Name: ISS_accesscontrollist_white_posters_id_seq; Type: SEQUENCE SET; Schema: public; Owner: iss_user
--

SELECT pg_catalog.setval('public."ISS_accesscontrollist_white_posters_id_seq"', 1, false);


--
-- Name: ISS_authpackage_id_seq; Type: SEQUENCE SET; Schema: public; Owner: iss_user
--

SELECT pg_catalog.setval('public."ISS_authpackage_id_seq"', 18, true);


--
-- Name: ISS_ban_id_seq; Type: SEQUENCE SET; Schema: public; Owner: iss_user
--

SELECT pg_catalog.setval('public."ISS_ban_id_seq"', 1, false);


--
-- Name: ISS_banner_id_seq; Type: SEQUENCE SET; Schema: public; Owner: iss_user
--

SELECT pg_catalog.setval('public."ISS_banner_id_seq"', 1, false);


--
-- Name: ISS_category_id_seq; Type: SEQUENCE SET; Schema: public; Owner: iss_user
--

SELECT pg_catalog.setval('public."ISS_category_id_seq"', 1, true);


--
-- Name: ISS_filterword_id_seq; Type: SEQUENCE SET; Schema: public; Owner: iss_user
--

SELECT pg_catalog.setval('public."ISS_filterword_id_seq"', 1, false);


--
-- Name: ISS_forum_id_seq; Type: SEQUENCE SET; Schema: public; Owner: iss_user
--

SELECT pg_catalog.setval('public."ISS_forum_id_seq"', 2, true);


--
-- Name: ISS_forumflag_id_seq; Type: SEQUENCE SET; Schema: public; Owner: iss_user
--

SELECT pg_catalog.setval('public."ISS_forumflag_id_seq"', 2, true);


--
-- Name: ISS_ipban_id_seq; Type: SEQUENCE SET; Schema: public; Owner: iss_user
--

SELECT pg_catalog.setval('public."ISS_ipban_id_seq"', 1, false);


--
-- Name: ISS_latestthreadsforumpreference_id_seq; Type: SEQUENCE SET; Schema: public; Owner: iss_user
--

SELECT pg_catalog.setval('public."ISS_latestthreadsforumpreference_id_seq"', 1, false);


--
-- Name: ISS_poll_id_seq; Type: SEQUENCE SET; Schema: public; Owner: iss_user
--

SELECT pg_catalog.setval('public."ISS_poll_id_seq"', 1, false);


--
-- Name: ISS_polloption_id_seq; Type: SEQUENCE SET; Schema: public; Owner: iss_user
--

SELECT pg_catalog.setval('public."ISS_polloption_id_seq"', 1, false);


--
-- Name: ISS_pollvote_id_seq; Type: SEQUENCE SET; Schema: public; Owner: iss_user
--

SELECT pg_catalog.setval('public."ISS_pollvote_id_seq"', 1, false);


--
-- Name: ISS_post_id_seq; Type: SEQUENCE SET; Schema: public; Owner: iss_user
--

SELECT pg_catalog.setval('public."ISS_post_id_seq"', 1, false);


--
-- Name: ISS_poster_groups_id_seq; Type: SEQUENCE SET; Schema: public; Owner: iss_user
--

SELECT pg_catalog.setval('public."ISS_poster_groups_id_seq"', 1, false);


--
-- Name: ISS_poster_id_seq; Type: SEQUENCE SET; Schema: public; Owner: iss_user
--

SELECT pg_catalog.setval('public."ISS_poster_id_seq"', 1, true);


--
-- Name: ISS_poster_user_permissions_id_seq; Type: SEQUENCE SET; Schema: public; Owner: iss_user
--

SELECT pg_catalog.setval('public."ISS_poster_user_permissions_id_seq"', 1, false);


--
-- Name: ISS_postsnapshot_id_seq; Type: SEQUENCE SET; Schema: public; Owner: iss_user
--

SELECT pg_catalog.setval('public."ISS_postsnapshot_id_seq"', 1, false);


--
-- Name: ISS_privatemessage_id_seq; Type: SEQUENCE SET; Schema: public; Owner: iss_user
--

SELECT pg_catalog.setval('public."ISS_privatemessage_id_seq"', 1, false);


--
-- Name: ISS_ratelimitedaccess_id_seq; Type: SEQUENCE SET; Schema: public; Owner: iss_user
--

SELECT pg_catalog.setval('public."ISS_ratelimitedaccess_id_seq"', 1, false);


--
-- Name: ISS_registrationcode_id_seq; Type: SEQUENCE SET; Schema: public; Owner: iss_user
--

SELECT pg_catalog.setval('public."ISS_registrationcode_id_seq"', 1, false);


--
-- Name: ISS_staticpage_id_seq; Type: SEQUENCE SET; Schema: public; Owner: iss_user
--

SELECT pg_catalog.setval('public."ISS_staticpage_id_seq"', 1, false);


--
-- Name: ISS_thanks_id_seq; Type: SEQUENCE SET; Schema: public; Owner: iss_user
--

SELECT pg_catalog.setval('public."ISS_thanks_id_seq"', 1, false);


--
-- Name: ISS_thread_id_seq; Type: SEQUENCE SET; Schema: public; Owner: iss_user
--

SELECT pg_catalog.setval('public."ISS_thread_id_seq"', 1, false);


--
-- Name: ISS_threadflag_id_seq; Type: SEQUENCE SET; Schema: public; Owner: iss_user
--

SELECT pg_catalog.setval('public."ISS_threadflag_id_seq"', 1, false);


--
-- Name: auth_group_id_seq; Type: SEQUENCE SET; Schema: public; Owner: iss_user
--

SELECT pg_catalog.setval('public.auth_group_id_seq', 1, false);


--
-- Name: auth_group_permissions_id_seq; Type: SEQUENCE SET; Schema: public; Owner: iss_user
--

SELECT pg_catalog.setval('public.auth_group_permissions_id_seq', 1, false);


--
-- Name: auth_permission_id_seq; Type: SEQUENCE SET; Schema: public; Owner: iss_user
--

SELECT pg_catalog.setval('public.auth_permission_id_seq', 124, true);


--
-- Name: django_admin_log_id_seq; Type: SEQUENCE SET; Schema: public; Owner: iss_user
--

SELECT pg_catalog.setval('public.django_admin_log_id_seq', 3, true);


--
-- Name: django_content_type_id_seq; Type: SEQUENCE SET; Schema: public; Owner: iss_user
--

SELECT pg_catalog.setval('public.django_content_type_id_seq', 31, true);


--
-- Name: django_migrations_id_seq; Type: SEQUENCE SET; Schema: public; Owner: iss_user
--

SELECT pg_catalog.setval('public.django_migrations_id_seq', 84, true);


--
-- Name: taboo_tabooprofile_id_seq; Type: SEQUENCE SET; Schema: public; Owner: iss_user
--

SELECT pg_catalog.setval('public.taboo_tabooprofile_id_seq', 1, false);


--
-- Name: taboo_tabooviolationrecord_id_seq; Type: SEQUENCE SET; Schema: public; Owner: iss_user
--

SELECT pg_catalog.setval('public.taboo_tabooviolationrecord_id_seq', 1, false);


--
-- Name: ISS_accesscontrolgroup_members ISS_accesscontrolgroup_m_accesscontrolgroup_id_po_691c99fc_uniq; Type: CONSTRAINT; Schema: public; Owner: iss_user
--

ALTER TABLE ONLY public."ISS_accesscontrolgroup_members"
    ADD CONSTRAINT "ISS_accesscontrolgroup_m_accesscontrolgroup_id_po_691c99fc_uniq" UNIQUE (accesscontrolgroup_id, poster_id);


--
-- Name: ISS_accesscontrolgroup_members ISS_accesscontrolgroup_members_pkey; Type: CONSTRAINT; Schema: public; Owner: iss_user
--

ALTER TABLE ONLY public."ISS_accesscontrolgroup_members"
    ADD CONSTRAINT "ISS_accesscontrolgroup_members_pkey" PRIMARY KEY (id);


--
-- Name: ISS_accesscontrolgroup ISS_accesscontrolgroup_name_key; Type: CONSTRAINT; Schema: public; Owner: iss_user
--

ALTER TABLE ONLY public."ISS_accesscontrolgroup"
    ADD CONSTRAINT "ISS_accesscontrolgroup_name_key" UNIQUE (name);


--
-- Name: ISS_accesscontrolgroup ISS_accesscontrolgroup_pkey; Type: CONSTRAINT; Schema: public; Owner: iss_user
--

ALTER TABLE ONLY public."ISS_accesscontrolgroup"
    ADD CONSTRAINT "ISS_accesscontrolgroup_pkey" PRIMARY KEY (id);


--
-- Name: ISS_accesscontrollist_black_groups ISS_accesscontrollist_bl_accesscontrollist_id_acc_568c5dff_uniq; Type: CONSTRAINT; Schema: public; Owner: iss_user
--

ALTER TABLE ONLY public."ISS_accesscontrollist_black_groups"
    ADD CONSTRAINT "ISS_accesscontrollist_bl_accesscontrollist_id_acc_568c5dff_uniq" UNIQUE (accesscontrollist_id, accesscontrolgroup_id);


--
-- Name: ISS_accesscontrollist_black_posters ISS_accesscontrollist_bl_accesscontrollist_id_pos_3abdb4b9_uniq; Type: CONSTRAINT; Schema: public; Owner: iss_user
--

ALTER TABLE ONLY public."ISS_accesscontrollist_black_posters"
    ADD CONSTRAINT "ISS_accesscontrollist_bl_accesscontrollist_id_pos_3abdb4b9_uniq" UNIQUE (accesscontrollist_id, poster_id);


--
-- Name: ISS_accesscontrollist_black_groups ISS_accesscontrollist_black_groups_pkey; Type: CONSTRAINT; Schema: public; Owner: iss_user
--

ALTER TABLE ONLY public."ISS_accesscontrollist_black_groups"
    ADD CONSTRAINT "ISS_accesscontrollist_black_groups_pkey" PRIMARY KEY (id);


--
-- Name: ISS_accesscontrollist_black_posters ISS_accesscontrollist_black_posters_pkey; Type: CONSTRAINT; Schema: public; Owner: iss_user
--

ALTER TABLE ONLY public."ISS_accesscontrollist_black_posters"
    ADD CONSTRAINT "ISS_accesscontrollist_black_posters_pkey" PRIMARY KEY (id);


--
-- Name: ISS_accesscontrollist ISS_accesscontrollist_name_key; Type: CONSTRAINT; Schema: public; Owner: iss_user
--

ALTER TABLE ONLY public."ISS_accesscontrollist"
    ADD CONSTRAINT "ISS_accesscontrollist_name_key" UNIQUE (name);


--
-- Name: ISS_accesscontrollist ISS_accesscontrollist_pkey; Type: CONSTRAINT; Schema: public; Owner: iss_user
--

ALTER TABLE ONLY public."ISS_accesscontrollist"
    ADD CONSTRAINT "ISS_accesscontrollist_pkey" PRIMARY KEY (id);


--
-- Name: ISS_accesscontrollist_white_groups ISS_accesscontrollist_wh_accesscontrollist_id_acc_d83e943b_uniq; Type: CONSTRAINT; Schema: public; Owner: iss_user
--

ALTER TABLE ONLY public."ISS_accesscontrollist_white_groups"
    ADD CONSTRAINT "ISS_accesscontrollist_wh_accesscontrollist_id_acc_d83e943b_uniq" UNIQUE (accesscontrollist_id, accesscontrolgroup_id);


--
-- Name: ISS_accesscontrollist_white_posters ISS_accesscontrollist_wh_accesscontrollist_id_pos_0c3d9046_uniq; Type: CONSTRAINT; Schema: public; Owner: iss_user
--

ALTER TABLE ONLY public."ISS_accesscontrollist_white_posters"
    ADD CONSTRAINT "ISS_accesscontrollist_wh_accesscontrollist_id_pos_0c3d9046_uniq" UNIQUE (accesscontrollist_id, poster_id);


--
-- Name: ISS_accesscontrollist_white_groups ISS_accesscontrollist_white_groups_pkey; Type: CONSTRAINT; Schema: public; Owner: iss_user
--

ALTER TABLE ONLY public."ISS_accesscontrollist_white_groups"
    ADD CONSTRAINT "ISS_accesscontrollist_white_groups_pkey" PRIMARY KEY (id);


--
-- Name: ISS_accesscontrollist_white_posters ISS_accesscontrollist_white_posters_pkey; Type: CONSTRAINT; Schema: public; Owner: iss_user
--

ALTER TABLE ONLY public."ISS_accesscontrollist_white_posters"
    ADD CONSTRAINT "ISS_accesscontrollist_white_posters_pkey" PRIMARY KEY (id);


--
-- Name: ISS_authpackage ISS_authpackage_pkey; Type: CONSTRAINT; Schema: public; Owner: iss_user
--

ALTER TABLE ONLY public."ISS_authpackage"
    ADD CONSTRAINT "ISS_authpackage_pkey" PRIMARY KEY (id);


--
-- Name: ISS_ban ISS_ban_pkey; Type: CONSTRAINT; Schema: public; Owner: iss_user
--

ALTER TABLE ONLY public."ISS_ban"
    ADD CONSTRAINT "ISS_ban_pkey" PRIMARY KEY (id);


--
-- Name: ISS_banner ISS_banner_pkey; Type: CONSTRAINT; Schema: public; Owner: iss_user
--

ALTER TABLE ONLY public."ISS_banner"
    ADD CONSTRAINT "ISS_banner_pkey" PRIMARY KEY (id);


--
-- Name: ISS_category ISS_category_pkey; Type: CONSTRAINT; Schema: public; Owner: iss_user
--

ALTER TABLE ONLY public."ISS_category"
    ADD CONSTRAINT "ISS_category_pkey" PRIMARY KEY (id);


--
-- Name: ISS_filterword ISS_filterword_pkey; Type: CONSTRAINT; Schema: public; Owner: iss_user
--

ALTER TABLE ONLY public."ISS_filterword"
    ADD CONSTRAINT "ISS_filterword_pkey" PRIMARY KEY (id);


--
-- Name: ISS_forum ISS_forum_pkey; Type: CONSTRAINT; Schema: public; Owner: iss_user
--

ALTER TABLE ONLY public."ISS_forum"
    ADD CONSTRAINT "ISS_forum_pkey" PRIMARY KEY (id);


--
-- Name: ISS_forumflag ISS_forumflag_forum_id_poster_id_047ad356_uniq; Type: CONSTRAINT; Schema: public; Owner: iss_user
--

ALTER TABLE ONLY public."ISS_forumflag"
    ADD CONSTRAINT "ISS_forumflag_forum_id_poster_id_047ad356_uniq" UNIQUE (forum_id, poster_id);


--
-- Name: ISS_forumflag ISS_forumflag_pkey; Type: CONSTRAINT; Schema: public; Owner: iss_user
--

ALTER TABLE ONLY public."ISS_forumflag"
    ADD CONSTRAINT "ISS_forumflag_pkey" PRIMARY KEY (id);


--
-- Name: ISS_ipban ISS_ipban_pkey; Type: CONSTRAINT; Schema: public; Owner: iss_user
--

ALTER TABLE ONLY public."ISS_ipban"
    ADD CONSTRAINT "ISS_ipban_pkey" PRIMARY KEY (id);


--
-- Name: ISS_latestthreadsforumpreference ISS_latestthreadsforumpr_poster_id_forum_id_8ce9b802_uniq; Type: CONSTRAINT; Schema: public; Owner: iss_user
--

ALTER TABLE ONLY public."ISS_latestthreadsforumpreference"
    ADD CONSTRAINT "ISS_latestthreadsforumpr_poster_id_forum_id_8ce9b802_uniq" UNIQUE (poster_id, forum_id);


--
-- Name: ISS_latestthreadsforumpreference ISS_latestthreadsforumpreference_pkey; Type: CONSTRAINT; Schema: public; Owner: iss_user
--

ALTER TABLE ONLY public."ISS_latestthreadsforumpreference"
    ADD CONSTRAINT "ISS_latestthreadsforumpreference_pkey" PRIMARY KEY (id);


--
-- Name: ISS_poll ISS_poll_pkey; Type: CONSTRAINT; Schema: public; Owner: iss_user
--

ALTER TABLE ONLY public."ISS_poll"
    ADD CONSTRAINT "ISS_poll_pkey" PRIMARY KEY (id);


--
-- Name: ISS_poll ISS_poll_thread_id_key; Type: CONSTRAINT; Schema: public; Owner: iss_user
--

ALTER TABLE ONLY public."ISS_poll"
    ADD CONSTRAINT "ISS_poll_thread_id_key" UNIQUE (thread_id);


--
-- Name: ISS_polloption ISS_polloption_pkey; Type: CONSTRAINT; Schema: public; Owner: iss_user
--

ALTER TABLE ONLY public."ISS_polloption"
    ADD CONSTRAINT "ISS_polloption_pkey" PRIMARY KEY (id);


--
-- Name: ISS_pollvote ISS_pollvote_pkey; Type: CONSTRAINT; Schema: public; Owner: iss_user
--

ALTER TABLE ONLY public."ISS_pollvote"
    ADD CONSTRAINT "ISS_pollvote_pkey" PRIMARY KEY (id);


--
-- Name: ISS_pollvote ISS_pollvote_poll_option_id_voter_id_d0ca084e_uniq; Type: CONSTRAINT; Schema: public; Owner: iss_user
--

ALTER TABLE ONLY public."ISS_pollvote"
    ADD CONSTRAINT "ISS_pollvote_poll_option_id_voter_id_d0ca084e_uniq" UNIQUE (poll_option_id, voter_id);


--
-- Name: ISS_post ISS_post_pkey; Type: CONSTRAINT; Schema: public; Owner: iss_user
--

ALTER TABLE ONLY public."ISS_post"
    ADD CONSTRAINT "ISS_post_pkey" PRIMARY KEY (id);


--
-- Name: ISS_poster_groups ISS_poster_groups_pkey; Type: CONSTRAINT; Schema: public; Owner: iss_user
--

ALTER TABLE ONLY public."ISS_poster_groups"
    ADD CONSTRAINT "ISS_poster_groups_pkey" PRIMARY KEY (id);


--
-- Name: ISS_poster_groups ISS_poster_groups_poster_id_group_id_a5f7be0c_uniq; Type: CONSTRAINT; Schema: public; Owner: iss_user
--

ALTER TABLE ONLY public."ISS_poster_groups"
    ADD CONSTRAINT "ISS_poster_groups_poster_id_group_id_a5f7be0c_uniq" UNIQUE (poster_id, group_id);


--
-- Name: ISS_poster ISS_poster_pkey; Type: CONSTRAINT; Schema: public; Owner: iss_user
--

ALTER TABLE ONLY public."ISS_poster"
    ADD CONSTRAINT "ISS_poster_pkey" PRIMARY KEY (id);


--
-- Name: ISS_poster_user_permissions ISS_poster_user_permissi_poster_id_permission_id_0f5ff2f6_uniq; Type: CONSTRAINT; Schema: public; Owner: iss_user
--

ALTER TABLE ONLY public."ISS_poster_user_permissions"
    ADD CONSTRAINT "ISS_poster_user_permissi_poster_id_permission_id_0f5ff2f6_uniq" UNIQUE (poster_id, permission_id);


--
-- Name: ISS_poster_user_permissions ISS_poster_user_permissions_pkey; Type: CONSTRAINT; Schema: public; Owner: iss_user
--

ALTER TABLE ONLY public."ISS_poster_user_permissions"
    ADD CONSTRAINT "ISS_poster_user_permissions_pkey" PRIMARY KEY (id);


--
-- Name: ISS_poster ISS_poster_username_key; Type: CONSTRAINT; Schema: public; Owner: iss_user
--

ALTER TABLE ONLY public."ISS_poster"
    ADD CONSTRAINT "ISS_poster_username_key" UNIQUE (username);


--
-- Name: ISS_postsnapshot ISS_postsnapshot_pkey; Type: CONSTRAINT; Schema: public; Owner: iss_user
--

ALTER TABLE ONLY public."ISS_postsnapshot"
    ADD CONSTRAINT "ISS_postsnapshot_pkey" PRIMARY KEY (id);


--
-- Name: ISS_privatemessage ISS_privatemessage_pkey; Type: CONSTRAINT; Schema: public; Owner: iss_user
--

ALTER TABLE ONLY public."ISS_privatemessage"
    ADD CONSTRAINT "ISS_privatemessage_pkey" PRIMARY KEY (id);


--
-- Name: ISS_ratelimitedaccess ISS_ratelimitedaccess_pkey; Type: CONSTRAINT; Schema: public; Owner: iss_user
--

ALTER TABLE ONLY public."ISS_ratelimitedaccess"
    ADD CONSTRAINT "ISS_ratelimitedaccess_pkey" PRIMARY KEY (id);


--
-- Name: ISS_registrationcode ISS_registrationcode_pkey; Type: CONSTRAINT; Schema: public; Owner: iss_user
--

ALTER TABLE ONLY public."ISS_registrationcode"
    ADD CONSTRAINT "ISS_registrationcode_pkey" PRIMARY KEY (id);


--
-- Name: ISS_registrationcode ISS_registrationcode_used_by_id_key; Type: CONSTRAINT; Schema: public; Owner: iss_user
--

ALTER TABLE ONLY public."ISS_registrationcode"
    ADD CONSTRAINT "ISS_registrationcode_used_by_id_key" UNIQUE (used_by_id);


--
-- Name: ISS_staticpage ISS_staticpage_page_id_key; Type: CONSTRAINT; Schema: public; Owner: iss_user
--

ALTER TABLE ONLY public."ISS_staticpage"
    ADD CONSTRAINT "ISS_staticpage_page_id_key" UNIQUE (page_id);


--
-- Name: ISS_staticpage ISS_staticpage_pkey; Type: CONSTRAINT; Schema: public; Owner: iss_user
--

ALTER TABLE ONLY public."ISS_staticpage"
    ADD CONSTRAINT "ISS_staticpage_pkey" PRIMARY KEY (id);


--
-- Name: ISS_thanks ISS_thanks_pkey; Type: CONSTRAINT; Schema: public; Owner: iss_user
--

ALTER TABLE ONLY public."ISS_thanks"
    ADD CONSTRAINT "ISS_thanks_pkey" PRIMARY KEY (id);


--
-- Name: ISS_thanks ISS_thanks_thanker_id_post_id_7f89fa37_uniq; Type: CONSTRAINT; Schema: public; Owner: iss_user
--

ALTER TABLE ONLY public."ISS_thanks"
    ADD CONSTRAINT "ISS_thanks_thanker_id_post_id_7f89fa37_uniq" UNIQUE (thanker_id, post_id);


--
-- Name: ISS_thread ISS_thread_pkey; Type: CONSTRAINT; Schema: public; Owner: iss_user
--

ALTER TABLE ONLY public."ISS_thread"
    ADD CONSTRAINT "ISS_thread_pkey" PRIMARY KEY (id);


--
-- Name: ISS_threadflag ISS_threadflag_pkey; Type: CONSTRAINT; Schema: public; Owner: iss_user
--

ALTER TABLE ONLY public."ISS_threadflag"
    ADD CONSTRAINT "ISS_threadflag_pkey" PRIMARY KEY (id);


--
-- Name: ISS_threadflag ISS_threadflag_thread_id_poster_id_f5b9bce0_uniq; Type: CONSTRAINT; Schema: public; Owner: iss_user
--

ALTER TABLE ONLY public."ISS_threadflag"
    ADD CONSTRAINT "ISS_threadflag_thread_id_poster_id_f5b9bce0_uniq" UNIQUE (thread_id, poster_id);


--
-- Name: auth_group auth_group_name_key; Type: CONSTRAINT; Schema: public; Owner: iss_user
--

ALTER TABLE ONLY public.auth_group
    ADD CONSTRAINT auth_group_name_key UNIQUE (name);


--
-- Name: auth_group_permissions auth_group_permissions_group_id_permission_id_0cd325b0_uniq; Type: CONSTRAINT; Schema: public; Owner: iss_user
--

ALTER TABLE ONLY public.auth_group_permissions
    ADD CONSTRAINT auth_group_permissions_group_id_permission_id_0cd325b0_uniq UNIQUE (group_id, permission_id);


--
-- Name: auth_group_permissions auth_group_permissions_pkey; Type: CONSTRAINT; Schema: public; Owner: iss_user
--

ALTER TABLE ONLY public.auth_group_permissions
    ADD CONSTRAINT auth_group_permissions_pkey PRIMARY KEY (id);


--
-- Name: auth_group auth_group_pkey; Type: CONSTRAINT; Schema: public; Owner: iss_user
--

ALTER TABLE ONLY public.auth_group
    ADD CONSTRAINT auth_group_pkey PRIMARY KEY (id);


--
-- Name: auth_permission auth_permission_content_type_id_codename_01ab375a_uniq; Type: CONSTRAINT; Schema: public; Owner: iss_user
--

ALTER TABLE ONLY public.auth_permission
    ADD CONSTRAINT auth_permission_content_type_id_codename_01ab375a_uniq UNIQUE (content_type_id, codename);


--
-- Name: auth_permission auth_permission_pkey; Type: CONSTRAINT; Schema: public; Owner: iss_user
--

ALTER TABLE ONLY public.auth_permission
    ADD CONSTRAINT auth_permission_pkey PRIMARY KEY (id);


--
-- Name: django_admin_log django_admin_log_pkey; Type: CONSTRAINT; Schema: public; Owner: iss_user
--

ALTER TABLE ONLY public.django_admin_log
    ADD CONSTRAINT django_admin_log_pkey PRIMARY KEY (id);


--
-- Name: django_content_type django_content_type_app_label_model_76bd3d3b_uniq; Type: CONSTRAINT; Schema: public; Owner: iss_user
--

ALTER TABLE ONLY public.django_content_type
    ADD CONSTRAINT django_content_type_app_label_model_76bd3d3b_uniq UNIQUE (app_label, model);


--
-- Name: django_content_type django_content_type_pkey; Type: CONSTRAINT; Schema: public; Owner: iss_user
--

ALTER TABLE ONLY public.django_content_type
    ADD CONSTRAINT django_content_type_pkey PRIMARY KEY (id);


--
-- Name: django_migrations django_migrations_pkey; Type: CONSTRAINT; Schema: public; Owner: iss_user
--

ALTER TABLE ONLY public.django_migrations
    ADD CONSTRAINT django_migrations_pkey PRIMARY KEY (id);


--
-- Name: django_session django_session_pkey; Type: CONSTRAINT; Schema: public; Owner: iss_user
--

ALTER TABLE ONLY public.django_session
    ADD CONSTRAINT django_session_pkey PRIMARY KEY (session_key);


--
-- Name: taboo_tabooprofile taboo_tabooprofile_pkey; Type: CONSTRAINT; Schema: public; Owner: iss_user
--

ALTER TABLE ONLY public.taboo_tabooprofile
    ADD CONSTRAINT taboo_tabooprofile_pkey PRIMARY KEY (id);


--
-- Name: taboo_tabooprofile taboo_tabooprofile_poster_id_key; Type: CONSTRAINT; Schema: public; Owner: iss_user
--

ALTER TABLE ONLY public.taboo_tabooprofile
    ADD CONSTRAINT taboo_tabooprofile_poster_id_key UNIQUE (poster_id);


--
-- Name: taboo_tabooviolationrecord taboo_tabooviolationrecord_pkey; Type: CONSTRAINT; Schema: public; Owner: iss_user
--

ALTER TABLE ONLY public.taboo_tabooviolationrecord
    ADD CONSTRAINT taboo_tabooviolationrecord_pkey PRIMARY KEY (id);


--
-- Name: ISS_accesscontrolgroup_members_accesscontrolgroup_id_5f11570a; Type: INDEX; Schema: public; Owner: iss_user
--

CREATE INDEX "ISS_accesscontrolgroup_members_accesscontrolgroup_id_5f11570a" ON public."ISS_accesscontrolgroup_members" USING btree (accesscontrolgroup_id);


--
-- Name: ISS_accesscontrolgroup_members_poster_id_e470b5ce; Type: INDEX; Schema: public; Owner: iss_user
--

CREATE INDEX "ISS_accesscontrolgroup_members_poster_id_e470b5ce" ON public."ISS_accesscontrolgroup_members" USING btree (poster_id);


--
-- Name: ISS_accesscontrolgroup_name_f1c06eb5_like; Type: INDEX; Schema: public; Owner: iss_user
--

CREATE INDEX "ISS_accesscontrolgroup_name_f1c06eb5_like" ON public."ISS_accesscontrolgroup" USING btree (name text_pattern_ops);


--
-- Name: ISS_accesscontrollist_blac_accesscontrolgroup_id_87c2bc94; Type: INDEX; Schema: public; Owner: iss_user
--

CREATE INDEX "ISS_accesscontrollist_blac_accesscontrolgroup_id_87c2bc94" ON public."ISS_accesscontrollist_black_groups" USING btree (accesscontrolgroup_id);


--
-- Name: ISS_accesscontrollist_blac_accesscontrollist_id_868bd366; Type: INDEX; Schema: public; Owner: iss_user
--

CREATE INDEX "ISS_accesscontrollist_blac_accesscontrollist_id_868bd366" ON public."ISS_accesscontrollist_black_posters" USING btree (accesscontrollist_id);


--
-- Name: ISS_accesscontrollist_blac_accesscontrollist_id_d6a16c64; Type: INDEX; Schema: public; Owner: iss_user
--

CREATE INDEX "ISS_accesscontrollist_blac_accesscontrollist_id_d6a16c64" ON public."ISS_accesscontrollist_black_groups" USING btree (accesscontrollist_id);


--
-- Name: ISS_accesscontrollist_black_posters_poster_id_7fc2e6f4; Type: INDEX; Schema: public; Owner: iss_user
--

CREATE INDEX "ISS_accesscontrollist_black_posters_poster_id_7fc2e6f4" ON public."ISS_accesscontrollist_black_posters" USING btree (poster_id);


--
-- Name: ISS_accesscontrollist_name_ccaae262_like; Type: INDEX; Schema: public; Owner: iss_user
--

CREATE INDEX "ISS_accesscontrollist_name_ccaae262_like" ON public."ISS_accesscontrollist" USING btree (name text_pattern_ops);


--
-- Name: ISS_accesscontrollist_whit_accesscontrolgroup_id_ff7af92f; Type: INDEX; Schema: public; Owner: iss_user
--

CREATE INDEX "ISS_accesscontrollist_whit_accesscontrolgroup_id_ff7af92f" ON public."ISS_accesscontrollist_white_groups" USING btree (accesscontrolgroup_id);


--
-- Name: ISS_accesscontrollist_whit_accesscontrollist_id_b1cab20d; Type: INDEX; Schema: public; Owner: iss_user
--

CREATE INDEX "ISS_accesscontrollist_whit_accesscontrollist_id_b1cab20d" ON public."ISS_accesscontrollist_white_groups" USING btree (accesscontrollist_id);


--
-- Name: ISS_accesscontrollist_whit_accesscontrollist_id_d0c1954b; Type: INDEX; Schema: public; Owner: iss_user
--

CREATE INDEX "ISS_accesscontrollist_whit_accesscontrollist_id_d0c1954b" ON public."ISS_accesscontrollist_white_posters" USING btree (accesscontrollist_id);


--
-- Name: ISS_accesscontrollist_white_posters_poster_id_bafb592c; Type: INDEX; Schema: public; Owner: iss_user
--

CREATE INDEX "ISS_accesscontrollist_white_posters_poster_id_bafb592c" ON public."ISS_accesscontrollist_white_posters" USING btree (poster_id);


--
-- Name: ISS_ban_given_by_id_f9fbe49e; Type: INDEX; Schema: public; Owner: iss_user
--

CREATE INDEX "ISS_ban_given_by_id_f9fbe49e" ON public."ISS_ban" USING btree (given_by_id);


--
-- Name: ISS_ban_subject_id_da676f14; Type: INDEX; Schema: public; Owner: iss_user
--

CREATE INDEX "ISS_ban_subject_id_da676f14" ON public."ISS_ban" USING btree (subject_id);


--
-- Name: ISS_forum_category_id_72d779c3; Type: INDEX; Schema: public; Owner: iss_user
--

CREATE INDEX "ISS_forum_category_id_72d779c3" ON public."ISS_forum" USING btree (category_id);


--
-- Name: ISS_forum_create_post_pack_id_b9e721e7; Type: INDEX; Schema: public; Owner: iss_user
--

CREATE INDEX "ISS_forum_create_post_pack_id_b9e721e7" ON public."ISS_forum" USING btree (create_post_pack_id);


--
-- Name: ISS_forum_create_thread_pack_id_b7cee846; Type: INDEX; Schema: public; Owner: iss_user
--

CREATE INDEX "ISS_forum_create_thread_pack_id_b7cee846" ON public."ISS_forum" USING btree (create_thread_pack_id);


--
-- Name: ISS_forumflag_forum_id_1cf374eb; Type: INDEX; Schema: public; Owner: iss_user
--

CREATE INDEX "ISS_forumflag_forum_id_1cf374eb" ON public."ISS_forumflag" USING btree (forum_id);


--
-- Name: ISS_forumflag_poster_id_ba3bc554; Type: INDEX; Schema: public; Owner: iss_user
--

CREATE INDEX "ISS_forumflag_poster_id_ba3bc554" ON public."ISS_forumflag" USING btree (poster_id);


--
-- Name: ISS_latestthreadsforumpreference_forum_id_125ca84a; Type: INDEX; Schema: public; Owner: iss_user
--

CREATE INDEX "ISS_latestthreadsforumpreference_forum_id_125ca84a" ON public."ISS_latestthreadsforumpreference" USING btree (forum_id);


--
-- Name: ISS_latestthreadsforumpreference_poster_id_587de6d6; Type: INDEX; Schema: public; Owner: iss_user
--

CREATE INDEX "ISS_latestthreadsforumpreference_poster_id_587de6d6" ON public."ISS_latestthreadsforumpreference" USING btree (poster_id);


--
-- Name: ISS_polloption_poll_id_07ed1959; Type: INDEX; Schema: public; Owner: iss_user
--

CREATE INDEX "ISS_polloption_poll_id_07ed1959" ON public."ISS_polloption" USING btree (poll_id);


--
-- Name: ISS_pollvote_poll_option_id_1a1934e8; Type: INDEX; Schema: public; Owner: iss_user
--

CREATE INDEX "ISS_pollvote_poll_option_id_1a1934e8" ON public."ISS_pollvote" USING btree (poll_option_id);


--
-- Name: ISS_pollvote_voter_id_1f0fb73e; Type: INDEX; Schema: public; Owner: iss_user
--

CREATE INDEX "ISS_pollvote_voter_id_1f0fb73e" ON public."ISS_pollvote" USING btree (voter_id);


--
-- Name: ISS_post_author_id_46ced585; Type: INDEX; Schema: public; Owner: iss_user
--

CREATE INDEX "ISS_post_author_id_46ced585" ON public."ISS_post" USING btree (author_id);


--
-- Name: ISS_post_thread_id_41c8f237; Type: INDEX; Schema: public; Owner: iss_user
--

CREATE INDEX "ISS_post_thread_id_41c8f237" ON public."ISS_post" USING btree (thread_id);


--
-- Name: ISS_poster_groups_group_id_8cd9aa3f; Type: INDEX; Schema: public; Owner: iss_user
--

CREATE INDEX "ISS_poster_groups_group_id_8cd9aa3f" ON public."ISS_poster_groups" USING btree (group_id);


--
-- Name: ISS_poster_groups_poster_id_f4c49cc3; Type: INDEX; Schema: public; Owner: iss_user
--

CREATE INDEX "ISS_poster_groups_poster_id_f4c49cc3" ON public."ISS_poster_groups" USING btree (poster_id);


--
-- Name: ISS_poster_user_permissions_permission_id_c33b5060; Type: INDEX; Schema: public; Owner: iss_user
--

CREATE INDEX "ISS_poster_user_permissions_permission_id_c33b5060" ON public."ISS_poster_user_permissions" USING btree (permission_id);


--
-- Name: ISS_poster_user_permissions_poster_id_49975534; Type: INDEX; Schema: public; Owner: iss_user
--

CREATE INDEX "ISS_poster_user_permissions_poster_id_49975534" ON public."ISS_poster_user_permissions" USING btree (poster_id);


--
-- Name: ISS_poster_username_e9c776ee_like; Type: INDEX; Schema: public; Owner: iss_user
--

CREATE INDEX "ISS_poster_username_e9c776ee_like" ON public."ISS_poster" USING btree (username varchar_pattern_ops);


--
-- Name: ISS_postsnapshot_obsolesced_by_id_dac8036a; Type: INDEX; Schema: public; Owner: iss_user
--

CREATE INDEX "ISS_postsnapshot_obsolesced_by_id_dac8036a" ON public."ISS_postsnapshot" USING btree (obsolesced_by_id);


--
-- Name: ISS_postsnapshot_post_id_05afcaf5; Type: INDEX; Schema: public; Owner: iss_user
--

CREATE INDEX "ISS_postsnapshot_post_id_05afcaf5" ON public."ISS_postsnapshot" USING btree (post_id);


--
-- Name: ISS_privatemessage_inbox_id_ff91a110; Type: INDEX; Schema: public; Owner: iss_user
--

CREATE INDEX "ISS_privatemessage_inbox_id_ff91a110" ON public."ISS_privatemessage" USING btree (inbox_id);


--
-- Name: ISS_privatemessage_receiver_id_0ecf4262; Type: INDEX; Schema: public; Owner: iss_user
--

CREATE INDEX "ISS_privatemessage_receiver_id_0ecf4262" ON public."ISS_privatemessage" USING btree (receiver_id);


--
-- Name: ISS_privatemessage_sender_id_3267d98d; Type: INDEX; Schema: public; Owner: iss_user
--

CREATE INDEX "ISS_privatemessage_sender_id_3267d98d" ON public."ISS_privatemessage" USING btree (sender_id);


--
-- Name: ISS_registrationcode_generated_by_id_1b1f7993; Type: INDEX; Schema: public; Owner: iss_user
--

CREATE INDEX "ISS_registrationcode_generated_by_id_1b1f7993" ON public."ISS_registrationcode" USING btree (generated_by_id);


--
-- Name: ISS_staticpage_page_id_cf8fdf1d_like; Type: INDEX; Schema: public; Owner: iss_user
--

CREATE INDEX "ISS_staticpage_page_id_cf8fdf1d_like" ON public."ISS_staticpage" USING btree (page_id varchar_pattern_ops);


--
-- Name: ISS_thanks_post_id_64cb4b08; Type: INDEX; Schema: public; Owner: iss_user
--

CREATE INDEX "ISS_thanks_post_id_64cb4b08" ON public."ISS_thanks" USING btree (post_id);


--
-- Name: ISS_thanks_thankee_id_c843ae72; Type: INDEX; Schema: public; Owner: iss_user
--

CREATE INDEX "ISS_thanks_thankee_id_c843ae72" ON public."ISS_thanks" USING btree (thankee_id);


--
-- Name: ISS_thanks_thanker_id_58655782; Type: INDEX; Schema: public; Owner: iss_user
--

CREATE INDEX "ISS_thanks_thanker_id_58655782" ON public."ISS_thanks" USING btree (thanker_id);


--
-- Name: ISS_thread_author_id_7d57f600; Type: INDEX; Schema: public; Owner: iss_user
--

CREATE INDEX "ISS_thread_author_id_7d57f600" ON public."ISS_thread" USING btree (author_id);


--
-- Name: ISS_thread_forum_id_5340e4da; Type: INDEX; Schema: public; Owner: iss_user
--

CREATE INDEX "ISS_thread_forum_id_5340e4da" ON public."ISS_thread" USING btree (forum_id);


--
-- Name: ISS_thread_last_update_58c59351; Type: INDEX; Schema: public; Owner: iss_user
--

CREATE INDEX "ISS_thread_last_update_58c59351" ON public."ISS_thread" USING btree (last_update);


--
-- Name: ISS_threadflag_last_read_post_id_82894aed; Type: INDEX; Schema: public; Owner: iss_user
--

CREATE INDEX "ISS_threadflag_last_read_post_id_82894aed" ON public."ISS_threadflag" USING btree (last_read_post_id);


--
-- Name: ISS_threadflag_poster_id_a1301718; Type: INDEX; Schema: public; Owner: iss_user
--

CREATE INDEX "ISS_threadflag_poster_id_a1301718" ON public."ISS_threadflag" USING btree (poster_id);


--
-- Name: ISS_threadflag_thread_id_87e8c2e3; Type: INDEX; Schema: public; Owner: iss_user
--

CREATE INDEX "ISS_threadflag_thread_id_87e8c2e3" ON public."ISS_threadflag" USING btree (thread_id);


--
-- Name: auth_group_name_a6ea08ec_like; Type: INDEX; Schema: public; Owner: iss_user
--

CREATE INDEX auth_group_name_a6ea08ec_like ON public.auth_group USING btree (name varchar_pattern_ops);


--
-- Name: auth_group_permissions_group_id_b120cbf9; Type: INDEX; Schema: public; Owner: iss_user
--

CREATE INDEX auth_group_permissions_group_id_b120cbf9 ON public.auth_group_permissions USING btree (group_id);


--
-- Name: auth_group_permissions_permission_id_84c5c92e; Type: INDEX; Schema: public; Owner: iss_user
--

CREATE INDEX auth_group_permissions_permission_id_84c5c92e ON public.auth_group_permissions USING btree (permission_id);


--
-- Name: auth_permission_content_type_id_2f476e4b; Type: INDEX; Schema: public; Owner: iss_user
--

CREATE INDEX auth_permission_content_type_id_2f476e4b ON public.auth_permission USING btree (content_type_id);


--
-- Name: django_admin_log_content_type_id_c4bce8eb; Type: INDEX; Schema: public; Owner: iss_user
--

CREATE INDEX django_admin_log_content_type_id_c4bce8eb ON public.django_admin_log USING btree (content_type_id);


--
-- Name: django_admin_log_user_id_c564eba6; Type: INDEX; Schema: public; Owner: iss_user
--

CREATE INDEX django_admin_log_user_id_c564eba6 ON public.django_admin_log USING btree (user_id);


--
-- Name: django_session_expire_date_a5c62663; Type: INDEX; Schema: public; Owner: iss_user
--

CREATE INDEX django_session_expire_date_a5c62663 ON public.django_session USING btree (expire_date);


--
-- Name: django_session_session_key_c0390e0f_like; Type: INDEX; Schema: public; Owner: iss_user
--

CREATE INDEX django_session_session_key_c0390e0f_like ON public.django_session USING btree (session_key varchar_pattern_ops);


--
-- Name: post_contents_ft_index; Type: INDEX; Schema: public; Owner: iss_user
--

CREATE INDEX post_contents_ft_index ON public."ISS_post" USING gin (to_tsvector('english'::regconfig, content));


--
-- Name: taboo_tabooprofile_mark_id_32d8aea5; Type: INDEX; Schema: public; Owner: iss_user
--

CREATE INDEX taboo_tabooprofile_mark_id_32d8aea5 ON public.taboo_tabooprofile USING btree (mark_id);


--
-- Name: taboo_tabooviolationrecord_mark_id_7d96e05f; Type: INDEX; Schema: public; Owner: iss_user
--

CREATE INDEX taboo_tabooviolationrecord_mark_id_7d96e05f ON public.taboo_tabooviolationrecord USING btree (mark_id);


--
-- Name: taboo_tabooviolationrecord_poster_id_2170a608; Type: INDEX; Schema: public; Owner: iss_user
--

CREATE INDEX taboo_tabooviolationrecord_poster_id_2170a608 ON public.taboo_tabooviolationrecord USING btree (poster_id);


--
-- Name: taboo_tabooviolationrecord_violating_post_id_e9d15b85; Type: INDEX; Schema: public; Owner: iss_user
--

CREATE INDEX taboo_tabooviolationrecord_violating_post_id_e9d15b85 ON public.taboo_tabooviolationrecord USING btree (violating_post_id);


--
-- Name: ISS_accesscontrolgroup_members ISS_accesscontrolgro_accesscontrolgroup_i_5f11570a_fk_ISS_acces; Type: FK CONSTRAINT; Schema: public; Owner: iss_user
--

ALTER TABLE ONLY public."ISS_accesscontrolgroup_members"
    ADD CONSTRAINT "ISS_accesscontrolgro_accesscontrolgroup_i_5f11570a_fk_ISS_acces" FOREIGN KEY (accesscontrolgroup_id) REFERENCES public."ISS_accesscontrolgroup"(id) DEFERRABLE INITIALLY DEFERRED;


--
-- Name: ISS_accesscontrolgroup_members ISS_accesscontrolgro_poster_id_e470b5ce_fk_ISS_poste; Type: FK CONSTRAINT; Schema: public; Owner: iss_user
--

ALTER TABLE ONLY public."ISS_accesscontrolgroup_members"
    ADD CONSTRAINT "ISS_accesscontrolgro_poster_id_e470b5ce_fk_ISS_poste" FOREIGN KEY (poster_id) REFERENCES public."ISS_poster"(id) DEFERRABLE INITIALLY DEFERRED;


--
-- Name: ISS_accesscontrollist_black_groups ISS_accesscontrollis_accesscontrolgroup_i_87c2bc94_fk_ISS_acces; Type: FK CONSTRAINT; Schema: public; Owner: iss_user
--

ALTER TABLE ONLY public."ISS_accesscontrollist_black_groups"
    ADD CONSTRAINT "ISS_accesscontrollis_accesscontrolgroup_i_87c2bc94_fk_ISS_acces" FOREIGN KEY (accesscontrolgroup_id) REFERENCES public."ISS_accesscontrolgroup"(id) DEFERRABLE INITIALLY DEFERRED;


--
-- Name: ISS_accesscontrollist_white_groups ISS_accesscontrollis_accesscontrolgroup_i_ff7af92f_fk_ISS_acces; Type: FK CONSTRAINT; Schema: public; Owner: iss_user
--

ALTER TABLE ONLY public."ISS_accesscontrollist_white_groups"
    ADD CONSTRAINT "ISS_accesscontrollis_accesscontrolgroup_i_ff7af92f_fk_ISS_acces" FOREIGN KEY (accesscontrolgroup_id) REFERENCES public."ISS_accesscontrolgroup"(id) DEFERRABLE INITIALLY DEFERRED;


--
-- Name: ISS_accesscontrollist_black_posters ISS_accesscontrollis_accesscontrollist_id_868bd366_fk_ISS_acces; Type: FK CONSTRAINT; Schema: public; Owner: iss_user
--

ALTER TABLE ONLY public."ISS_accesscontrollist_black_posters"
    ADD CONSTRAINT "ISS_accesscontrollis_accesscontrollist_id_868bd366_fk_ISS_acces" FOREIGN KEY (accesscontrollist_id) REFERENCES public."ISS_accesscontrollist"(id) DEFERRABLE INITIALLY DEFERRED;


--
-- Name: ISS_accesscontrollist_white_groups ISS_accesscontrollis_accesscontrollist_id_b1cab20d_fk_ISS_acces; Type: FK CONSTRAINT; Schema: public; Owner: iss_user
--

ALTER TABLE ONLY public."ISS_accesscontrollist_white_groups"
    ADD CONSTRAINT "ISS_accesscontrollis_accesscontrollist_id_b1cab20d_fk_ISS_acces" FOREIGN KEY (accesscontrollist_id) REFERENCES public."ISS_accesscontrollist"(id) DEFERRABLE INITIALLY DEFERRED;


--
-- Name: ISS_accesscontrollist_white_posters ISS_accesscontrollis_accesscontrollist_id_d0c1954b_fk_ISS_acces; Type: FK CONSTRAINT; Schema: public; Owner: iss_user
--

ALTER TABLE ONLY public."ISS_accesscontrollist_white_posters"
    ADD CONSTRAINT "ISS_accesscontrollis_accesscontrollist_id_d0c1954b_fk_ISS_acces" FOREIGN KEY (accesscontrollist_id) REFERENCES public."ISS_accesscontrollist"(id) DEFERRABLE INITIALLY DEFERRED;


--
-- Name: ISS_accesscontrollist_black_groups ISS_accesscontrollis_accesscontrollist_id_d6a16c64_fk_ISS_acces; Type: FK CONSTRAINT; Schema: public; Owner: iss_user
--

ALTER TABLE ONLY public."ISS_accesscontrollist_black_groups"
    ADD CONSTRAINT "ISS_accesscontrollis_accesscontrollist_id_d6a16c64_fk_ISS_acces" FOREIGN KEY (accesscontrollist_id) REFERENCES public."ISS_accesscontrollist"(id) DEFERRABLE INITIALLY DEFERRED;


--
-- Name: ISS_accesscontrollist_black_posters ISS_accesscontrollis_poster_id_7fc2e6f4_fk_ISS_poste; Type: FK CONSTRAINT; Schema: public; Owner: iss_user
--

ALTER TABLE ONLY public."ISS_accesscontrollist_black_posters"
    ADD CONSTRAINT "ISS_accesscontrollis_poster_id_7fc2e6f4_fk_ISS_poste" FOREIGN KEY (poster_id) REFERENCES public."ISS_poster"(id) DEFERRABLE INITIALLY DEFERRED;


--
-- Name: ISS_accesscontrollist_white_posters ISS_accesscontrollis_poster_id_bafb592c_fk_ISS_poste; Type: FK CONSTRAINT; Schema: public; Owner: iss_user
--

ALTER TABLE ONLY public."ISS_accesscontrollist_white_posters"
    ADD CONSTRAINT "ISS_accesscontrollis_poster_id_bafb592c_fk_ISS_poste" FOREIGN KEY (poster_id) REFERENCES public."ISS_poster"(id) DEFERRABLE INITIALLY DEFERRED;


--
-- Name: ISS_ban ISS_ban_given_by_id_f9fbe49e_fk_ISS_poster_id; Type: FK CONSTRAINT; Schema: public; Owner: iss_user
--

ALTER TABLE ONLY public."ISS_ban"
    ADD CONSTRAINT "ISS_ban_given_by_id_f9fbe49e_fk_ISS_poster_id" FOREIGN KEY (given_by_id) REFERENCES public."ISS_poster"(id) DEFERRABLE INITIALLY DEFERRED;


--
-- Name: ISS_ban ISS_ban_subject_id_da676f14_fk_ISS_poster_id; Type: FK CONSTRAINT; Schema: public; Owner: iss_user
--

ALTER TABLE ONLY public."ISS_ban"
    ADD CONSTRAINT "ISS_ban_subject_id_da676f14_fk_ISS_poster_id" FOREIGN KEY (subject_id) REFERENCES public."ISS_poster"(id) DEFERRABLE INITIALLY DEFERRED;


--
-- Name: ISS_forum ISS_forum_category_id_72d779c3_fk_ISS_category_id; Type: FK CONSTRAINT; Schema: public; Owner: iss_user
--

ALTER TABLE ONLY public."ISS_forum"
    ADD CONSTRAINT "ISS_forum_category_id_72d779c3_fk_ISS_category_id" FOREIGN KEY (category_id) REFERENCES public."ISS_category"(id) DEFERRABLE INITIALLY DEFERRED;


--
-- Name: ISS_forum ISS_forum_create_post_pack_id_b9e721e7_fk_ISS_authpackage_id; Type: FK CONSTRAINT; Schema: public; Owner: iss_user
--

ALTER TABLE ONLY public."ISS_forum"
    ADD CONSTRAINT "ISS_forum_create_post_pack_id_b9e721e7_fk_ISS_authpackage_id" FOREIGN KEY (create_post_pack_id) REFERENCES public."ISS_authpackage"(id) DEFERRABLE INITIALLY DEFERRED;


--
-- Name: ISS_forum ISS_forum_create_thread_pack_id_b7cee846_fk_ISS_authpackage_id; Type: FK CONSTRAINT; Schema: public; Owner: iss_user
--

ALTER TABLE ONLY public."ISS_forum"
    ADD CONSTRAINT "ISS_forum_create_thread_pack_id_b7cee846_fk_ISS_authpackage_id" FOREIGN KEY (create_thread_pack_id) REFERENCES public."ISS_authpackage"(id) DEFERRABLE INITIALLY DEFERRED;


--
-- Name: ISS_forumflag ISS_forumflag_forum_id_1cf374eb_fk_ISS_forum_id; Type: FK CONSTRAINT; Schema: public; Owner: iss_user
--

ALTER TABLE ONLY public."ISS_forumflag"
    ADD CONSTRAINT "ISS_forumflag_forum_id_1cf374eb_fk_ISS_forum_id" FOREIGN KEY (forum_id) REFERENCES public."ISS_forum"(id) DEFERRABLE INITIALLY DEFERRED;


--
-- Name: ISS_forumflag ISS_forumflag_poster_id_ba3bc554_fk_ISS_poster_id; Type: FK CONSTRAINT; Schema: public; Owner: iss_user
--

ALTER TABLE ONLY public."ISS_forumflag"
    ADD CONSTRAINT "ISS_forumflag_poster_id_ba3bc554_fk_ISS_poster_id" FOREIGN KEY (poster_id) REFERENCES public."ISS_poster"(id) DEFERRABLE INITIALLY DEFERRED;


--
-- Name: ISS_latestthreadsforumpreference ISS_latestthreadsfor_forum_id_125ca84a_fk_ISS_forum; Type: FK CONSTRAINT; Schema: public; Owner: iss_user
--

ALTER TABLE ONLY public."ISS_latestthreadsforumpreference"
    ADD CONSTRAINT "ISS_latestthreadsfor_forum_id_125ca84a_fk_ISS_forum" FOREIGN KEY (forum_id) REFERENCES public."ISS_forum"(id) DEFERRABLE INITIALLY DEFERRED;


--
-- Name: ISS_latestthreadsforumpreference ISS_latestthreadsfor_poster_id_587de6d6_fk_ISS_poste; Type: FK CONSTRAINT; Schema: public; Owner: iss_user
--

ALTER TABLE ONLY public."ISS_latestthreadsforumpreference"
    ADD CONSTRAINT "ISS_latestthreadsfor_poster_id_587de6d6_fk_ISS_poste" FOREIGN KEY (poster_id) REFERENCES public."ISS_poster"(id) DEFERRABLE INITIALLY DEFERRED;


--
-- Name: ISS_poll ISS_poll_thread_id_d728faa6_fk_ISS_thread_id; Type: FK CONSTRAINT; Schema: public; Owner: iss_user
--

ALTER TABLE ONLY public."ISS_poll"
    ADD CONSTRAINT "ISS_poll_thread_id_d728faa6_fk_ISS_thread_id" FOREIGN KEY (thread_id) REFERENCES public."ISS_thread"(id) DEFERRABLE INITIALLY DEFERRED;


--
-- Name: ISS_polloption ISS_polloption_poll_id_07ed1959_fk_ISS_poll_id; Type: FK CONSTRAINT; Schema: public; Owner: iss_user
--

ALTER TABLE ONLY public."ISS_polloption"
    ADD CONSTRAINT "ISS_polloption_poll_id_07ed1959_fk_ISS_poll_id" FOREIGN KEY (poll_id) REFERENCES public."ISS_poll"(id) DEFERRABLE INITIALLY DEFERRED;


--
-- Name: ISS_pollvote ISS_pollvote_poll_option_id_1a1934e8_fk_ISS_polloption_id; Type: FK CONSTRAINT; Schema: public; Owner: iss_user
--

ALTER TABLE ONLY public."ISS_pollvote"
    ADD CONSTRAINT "ISS_pollvote_poll_option_id_1a1934e8_fk_ISS_polloption_id" FOREIGN KEY (poll_option_id) REFERENCES public."ISS_polloption"(id) DEFERRABLE INITIALLY DEFERRED;


--
-- Name: ISS_pollvote ISS_pollvote_voter_id_1f0fb73e_fk_ISS_poster_id; Type: FK CONSTRAINT; Schema: public; Owner: iss_user
--

ALTER TABLE ONLY public."ISS_pollvote"
    ADD CONSTRAINT "ISS_pollvote_voter_id_1f0fb73e_fk_ISS_poster_id" FOREIGN KEY (voter_id) REFERENCES public."ISS_poster"(id) DEFERRABLE INITIALLY DEFERRED;


--
-- Name: ISS_post ISS_post_author_id_46ced585_fk_ISS_poster_id; Type: FK CONSTRAINT; Schema: public; Owner: iss_user
--

ALTER TABLE ONLY public."ISS_post"
    ADD CONSTRAINT "ISS_post_author_id_46ced585_fk_ISS_poster_id" FOREIGN KEY (author_id) REFERENCES public."ISS_poster"(id) DEFERRABLE INITIALLY DEFERRED;


--
-- Name: ISS_post ISS_post_thread_id_41c8f237_fk_ISS_thread_id; Type: FK CONSTRAINT; Schema: public; Owner: iss_user
--

ALTER TABLE ONLY public."ISS_post"
    ADD CONSTRAINT "ISS_post_thread_id_41c8f237_fk_ISS_thread_id" FOREIGN KEY (thread_id) REFERENCES public."ISS_thread"(id) DEFERRABLE INITIALLY DEFERRED;


--
-- Name: ISS_poster_groups ISS_poster_groups_group_id_8cd9aa3f_fk_auth_group_id; Type: FK CONSTRAINT; Schema: public; Owner: iss_user
--

ALTER TABLE ONLY public."ISS_poster_groups"
    ADD CONSTRAINT "ISS_poster_groups_group_id_8cd9aa3f_fk_auth_group_id" FOREIGN KEY (group_id) REFERENCES public.auth_group(id) DEFERRABLE INITIALLY DEFERRED;


--
-- Name: ISS_poster_groups ISS_poster_groups_poster_id_f4c49cc3_fk_ISS_poster_id; Type: FK CONSTRAINT; Schema: public; Owner: iss_user
--

ALTER TABLE ONLY public."ISS_poster_groups"
    ADD CONSTRAINT "ISS_poster_groups_poster_id_f4c49cc3_fk_ISS_poster_id" FOREIGN KEY (poster_id) REFERENCES public."ISS_poster"(id) DEFERRABLE INITIALLY DEFERRED;


--
-- Name: ISS_poster_user_permissions ISS_poster_user_perm_permission_id_c33b5060_fk_auth_perm; Type: FK CONSTRAINT; Schema: public; Owner: iss_user
--

ALTER TABLE ONLY public."ISS_poster_user_permissions"
    ADD CONSTRAINT "ISS_poster_user_perm_permission_id_c33b5060_fk_auth_perm" FOREIGN KEY (permission_id) REFERENCES public.auth_permission(id) DEFERRABLE INITIALLY DEFERRED;


--
-- Name: ISS_poster_user_permissions ISS_poster_user_permissions_poster_id_49975534_fk_ISS_poster_id; Type: FK CONSTRAINT; Schema: public; Owner: iss_user
--

ALTER TABLE ONLY public."ISS_poster_user_permissions"
    ADD CONSTRAINT "ISS_poster_user_permissions_poster_id_49975534_fk_ISS_poster_id" FOREIGN KEY (poster_id) REFERENCES public."ISS_poster"(id) DEFERRABLE INITIALLY DEFERRED;


--
-- Name: ISS_postsnapshot ISS_postsnapshot_obsolesced_by_id_dac8036a_fk_ISS_poster_id; Type: FK CONSTRAINT; Schema: public; Owner: iss_user
--

ALTER TABLE ONLY public."ISS_postsnapshot"
    ADD CONSTRAINT "ISS_postsnapshot_obsolesced_by_id_dac8036a_fk_ISS_poster_id" FOREIGN KEY (obsolesced_by_id) REFERENCES public."ISS_poster"(id) DEFERRABLE INITIALLY DEFERRED;


--
-- Name: ISS_postsnapshot ISS_postsnapshot_post_id_05afcaf5_fk_ISS_post_id; Type: FK CONSTRAINT; Schema: public; Owner: iss_user
--

ALTER TABLE ONLY public."ISS_postsnapshot"
    ADD CONSTRAINT "ISS_postsnapshot_post_id_05afcaf5_fk_ISS_post_id" FOREIGN KEY (post_id) REFERENCES public."ISS_post"(id) DEFERRABLE INITIALLY DEFERRED;


--
-- Name: ISS_privatemessage ISS_privatemessage_inbox_id_ff91a110_fk_ISS_poster_id; Type: FK CONSTRAINT; Schema: public; Owner: iss_user
--

ALTER TABLE ONLY public."ISS_privatemessage"
    ADD CONSTRAINT "ISS_privatemessage_inbox_id_ff91a110_fk_ISS_poster_id" FOREIGN KEY (inbox_id) REFERENCES public."ISS_poster"(id) DEFERRABLE INITIALLY DEFERRED;


--
-- Name: ISS_privatemessage ISS_privatemessage_receiver_id_0ecf4262_fk_ISS_poster_id; Type: FK CONSTRAINT; Schema: public; Owner: iss_user
--

ALTER TABLE ONLY public."ISS_privatemessage"
    ADD CONSTRAINT "ISS_privatemessage_receiver_id_0ecf4262_fk_ISS_poster_id" FOREIGN KEY (receiver_id) REFERENCES public."ISS_poster"(id) DEFERRABLE INITIALLY DEFERRED;


--
-- Name: ISS_privatemessage ISS_privatemessage_sender_id_3267d98d_fk_ISS_poster_id; Type: FK CONSTRAINT; Schema: public; Owner: iss_user
--

ALTER TABLE ONLY public."ISS_privatemessage"
    ADD CONSTRAINT "ISS_privatemessage_sender_id_3267d98d_fk_ISS_poster_id" FOREIGN KEY (sender_id) REFERENCES public."ISS_poster"(id) DEFERRABLE INITIALLY DEFERRED;


--
-- Name: ISS_registrationcode ISS_registrationcode_generated_by_id_1b1f7993_fk_ISS_poster_id; Type: FK CONSTRAINT; Schema: public; Owner: iss_user
--

ALTER TABLE ONLY public."ISS_registrationcode"
    ADD CONSTRAINT "ISS_registrationcode_generated_by_id_1b1f7993_fk_ISS_poster_id" FOREIGN KEY (generated_by_id) REFERENCES public."ISS_poster"(id) DEFERRABLE INITIALLY DEFERRED;


--
-- Name: ISS_registrationcode ISS_registrationcode_used_by_id_22e00a56_fk_ISS_poster_id; Type: FK CONSTRAINT; Schema: public; Owner: iss_user
--

ALTER TABLE ONLY public."ISS_registrationcode"
    ADD CONSTRAINT "ISS_registrationcode_used_by_id_22e00a56_fk_ISS_poster_id" FOREIGN KEY (used_by_id) REFERENCES public."ISS_poster"(id) DEFERRABLE INITIALLY DEFERRED;


--
-- Name: ISS_thanks ISS_thanks_post_id_64cb4b08_fk_ISS_post_id; Type: FK CONSTRAINT; Schema: public; Owner: iss_user
--

ALTER TABLE ONLY public."ISS_thanks"
    ADD CONSTRAINT "ISS_thanks_post_id_64cb4b08_fk_ISS_post_id" FOREIGN KEY (post_id) REFERENCES public."ISS_post"(id) DEFERRABLE INITIALLY DEFERRED;


--
-- Name: ISS_thanks ISS_thanks_thankee_id_c843ae72_fk_ISS_poster_id; Type: FK CONSTRAINT; Schema: public; Owner: iss_user
--

ALTER TABLE ONLY public."ISS_thanks"
    ADD CONSTRAINT "ISS_thanks_thankee_id_c843ae72_fk_ISS_poster_id" FOREIGN KEY (thankee_id) REFERENCES public."ISS_poster"(id) DEFERRABLE INITIALLY DEFERRED;


--
-- Name: ISS_thanks ISS_thanks_thanker_id_58655782_fk_ISS_poster_id; Type: FK CONSTRAINT; Schema: public; Owner: iss_user
--

ALTER TABLE ONLY public."ISS_thanks"
    ADD CONSTRAINT "ISS_thanks_thanker_id_58655782_fk_ISS_poster_id" FOREIGN KEY (thanker_id) REFERENCES public."ISS_poster"(id) DEFERRABLE INITIALLY DEFERRED;


--
-- Name: ISS_thread ISS_thread_author_id_7d57f600_fk_ISS_poster_id; Type: FK CONSTRAINT; Schema: public; Owner: iss_user
--

ALTER TABLE ONLY public."ISS_thread"
    ADD CONSTRAINT "ISS_thread_author_id_7d57f600_fk_ISS_poster_id" FOREIGN KEY (author_id) REFERENCES public."ISS_poster"(id) DEFERRABLE INITIALLY DEFERRED;


--
-- Name: ISS_thread ISS_thread_forum_id_5340e4da_fk_ISS_forum_id; Type: FK CONSTRAINT; Schema: public; Owner: iss_user
--

ALTER TABLE ONLY public."ISS_thread"
    ADD CONSTRAINT "ISS_thread_forum_id_5340e4da_fk_ISS_forum_id" FOREIGN KEY (forum_id) REFERENCES public."ISS_forum"(id) DEFERRABLE INITIALLY DEFERRED;


--
-- Name: ISS_threadflag ISS_threadflag_last_read_post_id_82894aed_fk_ISS_post_id; Type: FK CONSTRAINT; Schema: public; Owner: iss_user
--

ALTER TABLE ONLY public."ISS_threadflag"
    ADD CONSTRAINT "ISS_threadflag_last_read_post_id_82894aed_fk_ISS_post_id" FOREIGN KEY (last_read_post_id) REFERENCES public."ISS_post"(id) DEFERRABLE INITIALLY DEFERRED;


--
-- Name: ISS_threadflag ISS_threadflag_poster_id_a1301718_fk_ISS_poster_id; Type: FK CONSTRAINT; Schema: public; Owner: iss_user
--

ALTER TABLE ONLY public."ISS_threadflag"
    ADD CONSTRAINT "ISS_threadflag_poster_id_a1301718_fk_ISS_poster_id" FOREIGN KEY (poster_id) REFERENCES public."ISS_poster"(id) DEFERRABLE INITIALLY DEFERRED;


--
-- Name: ISS_threadflag ISS_threadflag_thread_id_87e8c2e3_fk_ISS_thread_id; Type: FK CONSTRAINT; Schema: public; Owner: iss_user
--

ALTER TABLE ONLY public."ISS_threadflag"
    ADD CONSTRAINT "ISS_threadflag_thread_id_87e8c2e3_fk_ISS_thread_id" FOREIGN KEY (thread_id) REFERENCES public."ISS_thread"(id) DEFERRABLE INITIALLY DEFERRED;


--
-- Name: auth_group_permissions auth_group_permissio_permission_id_84c5c92e_fk_auth_perm; Type: FK CONSTRAINT; Schema: public; Owner: iss_user
--

ALTER TABLE ONLY public.auth_group_permissions
    ADD CONSTRAINT auth_group_permissio_permission_id_84c5c92e_fk_auth_perm FOREIGN KEY (permission_id) REFERENCES public.auth_permission(id) DEFERRABLE INITIALLY DEFERRED;


--
-- Name: auth_group_permissions auth_group_permissions_group_id_b120cbf9_fk_auth_group_id; Type: FK CONSTRAINT; Schema: public; Owner: iss_user
--

ALTER TABLE ONLY public.auth_group_permissions
    ADD CONSTRAINT auth_group_permissions_group_id_b120cbf9_fk_auth_group_id FOREIGN KEY (group_id) REFERENCES public.auth_group(id) DEFERRABLE INITIALLY DEFERRED;


--
-- Name: auth_permission auth_permission_content_type_id_2f476e4b_fk_django_co; Type: FK CONSTRAINT; Schema: public; Owner: iss_user
--

ALTER TABLE ONLY public.auth_permission
    ADD CONSTRAINT auth_permission_content_type_id_2f476e4b_fk_django_co FOREIGN KEY (content_type_id) REFERENCES public.django_content_type(id) DEFERRABLE INITIALLY DEFERRED;


--
-- Name: django_admin_log django_admin_log_content_type_id_c4bce8eb_fk_django_co; Type: FK CONSTRAINT; Schema: public; Owner: iss_user
--

ALTER TABLE ONLY public.django_admin_log
    ADD CONSTRAINT django_admin_log_content_type_id_c4bce8eb_fk_django_co FOREIGN KEY (content_type_id) REFERENCES public.django_content_type(id) DEFERRABLE INITIALLY DEFERRED;


--
-- Name: django_admin_log django_admin_log_user_id_c564eba6_fk_ISS_poster_id; Type: FK CONSTRAINT; Schema: public; Owner: iss_user
--

ALTER TABLE ONLY public.django_admin_log
    ADD CONSTRAINT "django_admin_log_user_id_c564eba6_fk_ISS_poster_id" FOREIGN KEY (user_id) REFERENCES public."ISS_poster"(id) DEFERRABLE INITIALLY DEFERRED;


--
-- Name: taboo_tabooprofile taboo_tabooprofile_mark_id_32d8aea5_fk_ISS_poster_id; Type: FK CONSTRAINT; Schema: public; Owner: iss_user
--

ALTER TABLE ONLY public.taboo_tabooprofile
    ADD CONSTRAINT "taboo_tabooprofile_mark_id_32d8aea5_fk_ISS_poster_id" FOREIGN KEY (mark_id) REFERENCES public."ISS_poster"(id) DEFERRABLE INITIALLY DEFERRED;


--
-- Name: taboo_tabooprofile taboo_tabooprofile_poster_id_88c5db74_fk_ISS_poster_id; Type: FK CONSTRAINT; Schema: public; Owner: iss_user
--

ALTER TABLE ONLY public.taboo_tabooprofile
    ADD CONSTRAINT "taboo_tabooprofile_poster_id_88c5db74_fk_ISS_poster_id" FOREIGN KEY (poster_id) REFERENCES public."ISS_poster"(id) DEFERRABLE INITIALLY DEFERRED;


--
-- Name: taboo_tabooviolationrecord taboo_tabooviolation_violating_post_id_e9d15b85_fk_ISS_post_; Type: FK CONSTRAINT; Schema: public; Owner: iss_user
--

ALTER TABLE ONLY public.taboo_tabooviolationrecord
    ADD CONSTRAINT "taboo_tabooviolation_violating_post_id_e9d15b85_fk_ISS_post_" FOREIGN KEY (violating_post_id) REFERENCES public."ISS_post"(id) DEFERRABLE INITIALLY DEFERRED;


--
-- Name: taboo_tabooviolationrecord taboo_tabooviolationrecord_mark_id_7d96e05f_fk_ISS_poster_id; Type: FK CONSTRAINT; Schema: public; Owner: iss_user
--

ALTER TABLE ONLY public.taboo_tabooviolationrecord
    ADD CONSTRAINT "taboo_tabooviolationrecord_mark_id_7d96e05f_fk_ISS_poster_id" FOREIGN KEY (mark_id) REFERENCES public."ISS_poster"(id) DEFERRABLE INITIALLY DEFERRED;


--
-- Name: taboo_tabooviolationrecord taboo_tabooviolationrecord_poster_id_2170a608_fk_ISS_poster_id; Type: FK CONSTRAINT; Schema: public; Owner: iss_user
--

ALTER TABLE ONLY public.taboo_tabooviolationrecord
    ADD CONSTRAINT "taboo_tabooviolationrecord_poster_id_2170a608_fk_ISS_poster_id" FOREIGN KEY (poster_id) REFERENCES public."ISS_poster"(id) DEFERRABLE INITIALLY DEFERRED;


--
-- PostgreSQL database dump complete
--

